수태음폐경 (Lung Meridian, LU)|LU1 중부 (中府)|앞가슴부위, 첫째 갈비사이공간(the 1st intercostal space)과 같은 높이, 빗장아래오목(infraclavicular fossa)의 가쪽, 앞정중선(anterior median line)에서 가쪽으로 6寸.
|먼저 雲門(LU2)을 정한 후, 雲門(LU2)에서 아래쪽으로 1寸이 되는 지점에서 취혈한다.
|- 直刺 0.3～0.5寸
- 斜刺 0.5～1寸
|천식, 기관지염, 편도선염, 견갑관절통, 상박신경통, 오십견, 코막힘, 흉통, 경선종창, 도한, 구급혈

수태음폐경 (Lung Meridian, LU)|LU2 운문 (雲門)|앞가슴부위, 빗장아래오목(infra- clavicular fossa), 어깨뼈 부리돌기(coracoid process) 안쪽, 앞정중선(anterior median line)에서 가쪽으로 6寸 오목한 곳.
※주 : 氣戶(ST13), 兪府(KI27), 璇璣(CV21), 雲門(LU2)은 빗장뼈아래선을 따라 가로선 위에 위치한다.
|저항을 준 상태에서 팔을 약간 굽히고 벌릴 때 나타나는 어깨세모-가슴 삼각부위(deltopectoral triangle)의 중심에 취혈한다.
|- 直刺 0.3～0.5寸 (不宜深刺, 刺太深時 氣逆)
- 斜刺 0.5～1寸
|해수, 천식, 기관지염, 흉민, 편도선염

수태음폐경 (Lung Meridian, LU)|LU3 천부 (天府)|위팔 앞가쪽면, 위팔두갈래근(biceps brachiimuscle)의 가쪽모서리 바로 가쪽, 앞겨드랑주름(anterior axillary fold)에서 아래쪽으로 3寸.
|앞겨드랑주름과 尺澤(LU5)을 연결하는 선에서 위쪽으로부터 1/3, 아래쪽으로부터 2/3가 되는 지점에서 취혈한다.
|- 直刺 0.3～0.5寸
- 斜刺 1～1.5寸
|기관지염, 천식, 현운, 두통, 코피, 팔 내측통, 건망증, 땀

수태음폐경 (Lung Meridian, LU)|LU4 협백 (俠白)|위팔 앞가쪽면, 위팔두갈래근(biceps brachii muscle)의 가쪽모서리 바로가쪽, 앞겨드랑주름(anterior axillary
fold)에서 아래쪽으로 4寸.
|앞겨드랑주름과 尺澤(LU5)을 연결하는 선에서 위쪽으로부터 1/3과 아래쪽으로부터 2/3가 되는 지점에서 먼쪽으로 1寸에서 취혈한다.
|- 直刺 0.3～0.5寸
- 斜刺 1～1.5寸
|호흡기 병, 천식, 심통, 동계, 번만, 상완내측통, 구역질

수태음폐경 (Lung Meridian, LU)|LU5 척택 (尺澤)|팔꿈치 앞쪽면, 팔오금주름(cubital crease) 위, 위팔두갈래근힘줄(biceps brachii tendon)의 가쪽 오목한 곳.
|팔꿈치를 굽힌 상태에서 팔오금주름 위의 曲池(LI11)와 曲澤(PC3) 사이에 위치한다. 위팔두갈래근힘줄에 의해 尺澤(LU5)과 曲澤(PC3)이 나뉜다.
|- 直刺 0.3～0.5寸
- 斜刺 0.5～1寸
- 淺靜脈을 點刺出血
|반신불수, 주관절동통, 천식, 편도선염, 유뇨증, 두통, 눈병, 해수, 코피, 피부병, 사지부종

수태음폐경 (Lung Meridian, LU)|LU6 공최 (孔最)|아래팔 앞가쪽면, 尺澤(LU5)과 太淵(LU9)을 연결하는 선 위, 손바닥쪽손목주름(palmar wrist crease)에서 위쪽으로 7寸.
|팔을 펴고 손바닥을 위로 향하게 한 자세에서, 尺澤(LU5)과 太淵(LU9)을 연결하는 선의 중점에서 위쪽으로 1寸에서 취혈한다.
|- 直刺 0.5～1寸 (留3呼)
- 斜刺 1～1.5寸
|수관절통, 주관절통, 한불출, 치질 특효, 치루, 탈항, 엄지손가락마비, 폐렴, 편도선염, 결핵

수태음폐경 (Lung Meridian, LU)|LU7 열결 (列缺)|아래팔의 노쪽면, 긴엄지벌림근힘줄(abductor pollicis longus tendon)과 짧은엄지폄근힘줄(extensor pollicis brevis tendon)의 사이, 긴엄지벌림근힘줄 고랑(groove for the abductor pollicis longus tendon) 위, 손바닥쪽 손목주름(the palmar wrist crease)에서 위쪽으로 1.5寸.
|없음
|- 直刺 0.2～0.3寸
- 斜刺 0.5～1寸 (肘關節 방향으로 刺入)
- 협착성건초염 치료시에는 鍼尖을 外方으로 0.5～1寸 刺入
|두통, 해수, 구안괘사, 경항강통, 완관절염, 상지마비, 손가락 열감, 유방통

수태음폐경 (Lung Meridian, LU)|LU8 경거 (經渠)|아래팔 앞가쪽면, 노뼈붓돌기(radial styloid process)와 노동맥(radial artery)사이, 손바닥쪽 손목주름(palmar wrist crease)에서 위쪽으로 1寸.
※주 : 太淵(LU9)에서 위쪽으로 1寸에 위치한다.
|없음
|- 直刺 0.2～0.3寸
- 斜刺 0.5～0.7寸
- 刺鍼時 노동맥(radial artery)을 피하여 刺入
|기관지염, 천식, 흉통, 편도선염, 가래, 유열무한

수태음폐경 (Lung Meridian, LU)|LU9 태연 (太淵)|손목 앞가쪽면, 노뼈붓돌기(radial styloid process)와 손배뼈(scaphoid bone) 사이, 긴엄지벌림근힘줄(abductor pollicis longus tendon)의 자쪽 오목한 곳.
|손바닥쪽 손목주름(palmar wrist crease)의 노쪽, 노동맥(radial artery)이 뛰는 곳에서 취혈한다.
|- 直刺 0.2～0.3寸 (손바닥쪽에서 손등쪽을 향해 刺入)
- 斜刺 0.3～0.5寸
|유행성감기, 기관지염, 폐결핵, 수.완관절통증, 흉통, 두통, 치통, 눈병

수태음폐경 (Lung Meridian, LU)|LU10 어제 (魚際)|손바닥, 첫째 손허리뼈(the 1st metacarpal bone) 중점의 노쪽, 赤白肉際.
|손바닥을 위로 하고, 손바닥 大魚際部位의 노쪽모서리(橈側緣) 중간지점에서 취혈한다.
|- 直刺 0.3～0.5寸
- 斜刺 0.5～1寸 (鍼尖을 약간 斜向하여 掌內로 刺入)
|두통, 해수, 인후염, 편도선염, 발열, 심계항진, 실음, 서경, 무지통

수태음폐경 (Lung Meridian, LU)|LU11 소상 (少商)|엄지손가락, 끝마디뼈(distal phalanx)의 노쪽, 엄지손톱 노쪽 뿌리각(radial corner of the thumb nail)에서 몸가쪽으로 0.1寸.
|엄지손톱의 노쪽모서리를 지나는 수직선과 손톱뿌리를 지나는 수평선이 만나는 지점에서 취혈한다.
|- 直刺 0.1～0.2寸
- 斜刺 0.1～0.3寸 (鍼尖을 上方으로 향해 刺入)
- 三稜鍼으로 速刺해서 出血시키기도 한다.
|중풍, 인후통, 편도선염, 폐염, 해수, 감기

수양명대장경 (Large Intestine Meridian, LI)|LI1 상양 (商陽)|집게손가락, 끝마디뼈(distal phalanx)의 노쪽, 집게손톱 노쪽 뿌리각(radial corner of the index fingernail)에서 몸가쪽으로 0.1寸.
|집게손톱의 노쪽모서리를 지나는 수직선과 손톱뿌리를 지나는 수평선이 만나는 지점에서 취혈한다.
|- 直刺 0.1～0.2寸
- 斜刺 0.1～0.3寸
- 三稜鍼으로 點刺出血
|인사불성의 구급혈, 두통, 고열, 인후염, 치통, 이롱, 이명, 흉만, 오랜설사(뜸), 열성하리(사), 시력감퇴

수양명대장경 (Large Intestine Meridian, LI)|LI2 이간 (二間)|집게손가락, 둘째 손허리손가락관절(the 2nd metacarpophalangeal joint) 노쪽면의 먼 쪽(distal) 오목한 곳, 赤白肉際.
|주먹을 가볍게 쥐고, 둘째 손허리손가락관절 노쪽의 먼 쪽 오목한 곳에 취혈한다.
|- 直刺 0.2～0.3寸 (鍼尖을 노쪽에서 자쪽을 향해 刺入)
- 斜刺 0.2～0.3寸
|인후통(어린이 편도선에 특효), 치통, 구안괘사, 눈충혈, 삼차 신경통, 열성질환, 코피, 녹내장

수양명대장경 (Large Intestine Meridian, LI)|LI3 삼간 (三間)|손등, 둘째 손허리손가락관절(the 2nd metacarpophalangeal joint) 노쪽, 몸 쪽(proximal) 오목한 곳.
|주먹을 가볍게 쥐고, 둘째 손허리손가락관절 노쪽의 몸 쪽 오목한 곳에서 취혈한다.
|- 0.2～0.3寸 (鍼尖을 橈側에서 尺側을 향해 刺入)
- 斜刺 0.3～0.7寸
|치통, 인후통, 편도선염, 눈병, 이관긴급, 장명, 소아해열, 변비, 설사

수양명대장경 (Large Intestine Meridian, LI)|LI4 합곡 (合谷)|손등, 둘째 손허리뼈(the 2nd metacarpal bone) 중점의 노쪽.
|없음
|- 直刺 0.5～1寸
- 斜刺 1～1.5寸
- 頭部 및 顔面部의 질환에는 中手骨의 骨膜을 따라 1～1.5寸 斜刺
- 手指의 拘攣이나 근육의 마비에는 勞宮 혹은 後谿를 향해 2～3寸 透刺
- 임신부는 신중히 사용 (습관성유산 경험이 있는 임신부는 禁鍼)
|두통, 안면신경마비, 편마비, 구안괘사, 이롱, 코피, 치통, 각막백예, 시력감퇴, 동맥경화, 고혈압, 구금불개, 여드름, 대장염, 발열, 감모, 멀미, 소아의 편도선염, 오관의 통증

수양명대장경 (Large Intestine Meridian, LI)|LI5 양계 (陽谿)|손목 뒤가쪽면, 손등 쪽 손목주름(dorsal wrist crease)의 노쪽, 노뼈붓돌기(radial styloid process)에서 먼 쪽(distal), 해부학적 코담배갑(anatomical snuffbox)의 오목한 곳.
|엄지손가락을 최대한 외전하고 신전했을 때 긴엄지폄근힘줄(extensor pollicis longus tendon)과 짧은엄지폄근힘줄(extensor pollicis brevis tendon) 사이에 해부학적 코담배갑(anatomical snuffbox)의 오목한 곳이 형성된다.
|- 直刺 0.3～0.5寸 (鍼尖을 손등의 노쪽에서 자쪽을 향해 刺入)
- 斜刺 0.3～0.7寸
|손목관절통, 정신병, 구내염, 두통, 안통, 이명, 난청, 하치통, 잇몸질환, 피부질환

수양명대장경 (Large Intestine Meridian, LI)|LI6 편력 (偏歷)|아래 팔 뒤가쪽면, 陽谿(LI5)와 曲池(LI11)를 연결하는 선 위, 손등 쪽 손목주름(the dorsal wrist crease)에서 위쪽으로 3寸.
|陽谿(LI5)와 曲池(LI11)를 연결하는 선에서 위쪽으로부터 3/4, 아래쪽으로부터 1/4이 되는 지점에서 취혈한다.
|- 直刺 0.3～0.5寸
- 斜刺 0.5～1寸
|변비, 하치통,코피, 안면신경마비, 견박주완의 마비, 통증 , 편도선염, 이명

수양명대장경 (Large Intestine Meridian, LI)|LI7 온류 (溫溜)|아래팔 뒤가쪽면, 陽谿(LI5)와 曲池(LI11)를 연결하는 선 위, 손등 쪽 손목주름(dorsal wrist crease)에서 위쪽으로 5寸.
|없음
|- 直刺 0.5～1寸
- 斜刺 1～1.5寸
|윗 어금니 통증, 구내염, 설염, 인후염, 안면신경마비, 두통, 견응증, 전완동통, 장명설사

수양명대장경 (Large Intestine Meridian, LI)|LI8 하렴 (下廉)|아래팔 뒤가쪽면, 陽谿(LI5)와 曲池(LI11)를 연결하는 선 위, 팔오금주름(cubital crease)에서 아래쪽으로 4寸.
|陽谿(LI5)와 曲池(LI11)를 연결하는 선 위, 위쪽으로부터 1/3과 아래쪽으로부터 2/3가 되는 지점, 上廉(LI9)에서 아래쪽으로 1寸 지점에서 취혈한다.
|- 直刺 0.5～0.8寸
- 斜刺 1～2寸
|두통, 복통, 하치통, 편도선염, 유선염

수양명대장경 (Large Intestine Meridian, LI)|LI9 상렴 (上廉)|아래팔 뒤가쪽면, 陽谿(LI5)와 曲池(LI11)를 연결하는 선 위, 팔오금주름(cubital crease)에서 아래쪽으로 3寸.
|없음
|- 直刺 0.5～1寸
- 斜刺 1～2寸
|편마비, 상지통, 천식, 두통, 복통, 장명, 방광염, 수족마목, 뇌풍

수양명대장경 (Large Intestine Meridian, LI)|LI10 수삼리 (手三里)|아래팔 뒤가쪽면, 陽谿(LI5)와 曲池(LI11)를 연결하는 선 위, 팔오금주름(cubital crease)에서 아래쪽으로 2寸.
|없음
|- 直刺 0.5～1.2寸
- 斜刺 1～2寸
|뇌충혈, 이하선염,반신불수, 신경마비, 궤양성질환, 여드름, 복통, 설사, 축농증, 상지신경통, 편도선염

수양명대장경 (Large Intestine Meridian, LI)|LI11 곡지 (曲池)|팔꿈치 가쪽면, 尺澤(LU5)과 위팔뼈가쪽위관절융기(lateral epicondyle ofthe humerus)를 연결하는 선의 중점.
|팔꿈치를 완전히 굽혔을 때, 팔오금주름 가쪽 끝의 오목한 곳에서 취혈한다.
|- 直刺 0.5～1.5寸
- 斜刺 1～1.5寸 (鍼尖을 약간 비스듬히 指端을 향하여 刺入)
- 上肢癱瘓 치료시에는 팔꿈치를 굽혀 약간 비스듬히 팔꿉관절의 안쪽을 향해 刺入
- 透刺時에는 少海(HT3)를 향해 2～2.5寸 刺入
|반신불수, 뇌충혈, 뇌빈혈, 고혈압, 늑막염, 폐병, 어깨,상박신경통, 주관절통, 갱년기장애, 종기. 피부병, 피부건조증, 갑상선종대, 결막염, 흉통, 인후통, 당뇨병, 대장염

수양명대장경 (Large Intestine Meridian, LI)|LI12 주료 (肘髎)|팔꿈치 뒤가쪽면, 위팔뼈 가쪽위관절융기(lateral epicondyle of the humerus) 위쪽, 가쪽위관절융기 위 능선(lateral supraepicondylar ridge) 앞쪽.
|없음
|- 直刺 0.3～0.7寸
- 斜刺 1～1.5寸
|없음
수양명대장경 (Large Intestine Meridian, LI)|LI13 수오리 (手五里)|위팔 가쪽면, 曲池(LI11)와 肩髃(LI15)를 연결하는 선 위, 팔오금주름(cubital crease)에서 위쪽으로 3寸.
|위팔두갈래근(biceps brachii muscle) 노쪽모서리와 위팔뼈(humerus)의 사이, 앞겨드랑주름(anterior axillary fold)끝과 曲池(LI11)를 연결하는 선에서 위쪽으로부터 2/3와 아래쪽으로부터 1/3이 되는 지점과 같은 높이에서 취혈한다.
|- 直刺 0.3～0.5寸 (혈관을 피하여 鍼尖을 臂外面에서 內側面을 향해 刺入)
- 斜刺 0.5～0.8寸
|각혈, 복막염, 주비통, 폐렴, 심하창만, 갱년기장애, 결핵성인파선염

수양명대장경 (Large Intestine Meridian, LI)|LI14 비노 (臂臑)|위팔 가쪽면, 어깨세모근(deltoid muscle)의 앞모서리 바로 앞쪽, 曲池(LI11)에서 위쪽으로 7寸.
|없음
|- 直刺 0.3～0.7寸
- 斜刺 1～1.5寸
- 眼疾患 치료시 上向으로 三角筋中에 1～1.5寸 斜刺
- 橫刺時 上腕骨前緣에서 後緣을 향해 1～1.5寸 透刺.
- 肩臂痛 치료시 鍼尖을 上方으로 肩髃(LI15)를 향해 1～1.5寸 橫刺로 透刺.
|견비통, 상지마비, 안질환, 경황통, 오십견

수양명대장경 (Large Intestine Meridian, LI)|LI15 견우 (肩髃)|팔이음뼈(shoulder girdle), 어깨뼈봉우리(acromion) 가쪽모서리의 앞쪽 끝과 위팔뼈 큰결절(greater tubercle of the humerus) 사이의 오목한 곳.
|위팔을 외전할 때, 어깨뼈봉우리의 앞뒤로 두 개의 오목한 곳이 나타난다. 어깨뼈봉우리 앞쪽의 보다 더 오목한 곳에서 취혈한다. 肩髎(TE14)는 뒤쪽 오목한 곳에 위치한다.
|- 直刺 0.5～1.2寸
- 斜刺 0.7～1.5寸
|반신불수, 고혈압, 견관절염, 견비통, 갑상성질환, 습진, 피부병, 관절류머티

수양명대장경 (Large Intestine Meridian, LI)|LI16 거골 (巨骨)|팔이음뼈(shoulder girdle), 빗장뼈 봉우리끝(acromial end of the clavicle)과 어깨뼈가시(spine of the scapula)사이의 오목한 곳.
|어깨뼈위오목(suprascapular fossa) 가쪽에 있는 두 뼈들 사이의 오목한 곳에서 취혈한다.
|- 直刺 0.3～0.7寸
- 斜刺 0.5～1寸 (鍼尖을 약간 外下方으로 향해 刺入)
|하치통, 견관절류머티즘, 견비통, 흉통, 소아경기, 갑상선질환

수양명대장경 (Large Intestine Meridian, LI)|LI17 천정 (天鼎)|목 앞부위, 반지연골(cricoid cartilage)과 같은 높이, 목빗근(sternocleidomastoid muscle)의 뒤모서리 바로 뒤쪽.
|扶突(LI18)에서 수직으로 아래, 水突(ST10)과 수평한 지점에서 취혈한다
|- 直刺 0.3～0.5寸
- 斜刺 0.5～1寸
|편도선염, 후두염, 설골근바미, 치통, 경부임파절 결핵, 식도협착, 폭음

수양명대장경 (Large Intestine Meridian, LI)|LI18 부돌 (扶突)|목 앞부위, 방패연골(thyriod cartilage) 위모서리와 같은 높이, 목빗근(sternocleidomastoid muscle)의 앞모서리와 뒤모서리의 사이.
|人迎(ST9)과 같은 높이로, 남성의 경우 후두융기와도 같은 높이에서 취혈한다.
|- 直刺 0.3～0.5寸
- 斜刺 0.5～1寸
|천식, 해수, 인후종통, 연하곤란, 가래, 고혈압, 갑상선질환, 폭음

수양명대장경 (Large Intestine Meridian, LI)|LI19 화료 (禾髎)|얼굴, 인중 부위(philtrum)의 중점과 같은 높이, 콧구멍 가쪽모서리 아래 쪽.
|콧구멍가쪽모서리의 수직선과 인중 도랑의 중점에 해당하는 점의 수평선의 교점에서 취혈한다.
|- 直刺 0.2～0.3寸
- 斜刺 0.3～0.5寸
|비질환, 상치통, 잇몸질환, 안면신경마비

수양명대장경 (Large Intestine Meridian, LI)|LI20 영향 (迎香)|얼굴, 코입술고랑(nasolabial sulcus) 위, 콧방울(ala of the nose) 가쪽모서리의 중점과 같은 높이.
|없음
|- 直刺 0.2～0.3寸
- 斜刺 0.5～1寸 (向上)
|안면신경마비, 후각이상, 축농증, 부비강염, 비후성비염, 결막염

족양명위경 (Stomach Meridian, ST)|ST1 승읍 (承泣)|얼굴, 동공(pupil)에서 수직으로 아래 쪽, 안구(eyeball)와 눈확아래모서리(infraorbital margin)의 사이.
|없음
|- 直刺 0.2～0.3寸
- 深刺할 때는 환자를 仰臥位에서 안구를 고정하게 한 후 눈확아래모서리를 沿해 완만하게 1～1.5寸 刺入하며 捻轉과 搗鍼하지 않도록 한다.
- 橫刺時(近視 치료)에는 內眼角을 향해 透刺한다.
|급만성 결막염, 근시, 원시, 난시, 내사시, 색맹, 야맹증, 녹내장, 백내장, 각막염, 누액과다, 누액과소, 시신경염, 시신경위축, 목적통

족양명위경 (Stomach Meridian, ST)|ST2 사백 (四白)|얼굴, 눈확아래구멍(infraorbital foramen).
|눈확아래구멍은 동공(pupil)에서 수직으로 아래쪽에서 촉지된다.
|- 直刺 0.2～0.3寸
- 斜刺 0.3～0.5寸
|안면신경마비 및 경련, 삼차신경통, 각막염, 근시, 부비강염, 담도회충증, 담낭염

족양명위경 (Stomach Meridian, ST)|ST3 거료 (巨髎)|얼굴, 동공(pupil)에서 수직으로 아래 쪽, 콧방울(ala of the nose) 아래모서리와 같은 높이.
|고개를 들고 앞을 바로 볼 때, 동공을 지나는 수직선과 콧방울 아래모서리를 지나는 수평선이 만나는 지점에서 취혈한다. 수직으로 위쪽에 四白(ST2)이 위치한다.
|- 直刺 0.3～0.5寸
- 斜刺 0.5～1寸
|비염, 삼차신경동, 안면신경마비, 두통, 현기증, 녹내장, 축농증, 상치통, 치근막염

족양명위경 (Stomach Meridian, ST)|ST4 지창 (地倉)|얼굴, 입꼬리에서 가쪽으로 0.4寸.
|입꼬리 옆쪽, 코입술고랑(nasolabialsulcus) 위 혹은 코입술고랑의 연장선상에서 취혈한다
|- 直刺 0.3～0.5寸
- 橫刺 1～1.5寸
- 顔面神經麻痺 치료시 頰車(ST6)로 透刺 1.5～2.5寸
- 三叉神經痛 치료시 迎香(LI20)으로 透刺 1～2寸
|안면 신경마비, 삼차신경통, 언어장애, 구안괘사

족양명위경 (Stomach Meridian, ST)|ST5 대영 (大迎)|얼굴, 턱뼈각(angle of the mandible)앞쪽, 깨물근(masseter muscle) 부착 부분 앞쪽 오목한 곳, 얼굴동맥(facial artery)이 뛰는 곳.
|입을 다물고, 입안에 공기를 채울 때, 아래턱뼈뿔 아래앞쪽에 나타나는 도랑처럼 패인 오목한 곳에서 취혈한다.
|- 直刺 0.2～0.3寸
- 斜刺 0.5～1寸
|이하선염, 안면신경마비, 하치통(어금니), 입술경련, 아관긴폐

족양명위경 (Stomach Meridian, ST)|ST6 협거 (頰車)|얼굴, 턱뼈각(angle of the mandible)에서 위앞쪽으로 1寸.
|턱뼈각의 이등분선 위, 입과 치아를 굳게 다물면 깨물근(masseter muscle)이 융기되고, 굳게 다물었던 치아를 놓으면 오목하게 느껴지는 곳에서 취혈한다.
|- 直刺 0.3～0.5寸
- 斜刺 0.5～1寸 (깨물근경련 치료시 위쪽을 향해 刺入, 上‧下齒痛에는 上齒 및 下齒를 향해 刺入)
|안면신경마비, 안면경련, 구안괘사, 치통, 구금, 실어, 이하선염, 중풍, 얼굴부종

족양명위경 (Stomach Meridian, ST)|ST7 하관 (下關)|얼굴, 광대활(zygomatic arch) 아래모서리의 중점과 턱뼈패임(mandibularnotch) 사이의 오목한 곳.
|입을 다물고, 上關(GB3)에서 수직으로 아래쪽, 광대활 아래쪽의 오목한 곳에서 취혈한다.
Note: When the mouth is closed, ST7 is located at the depression inferior to the zygomatic arch, directly inferior to gB3.
|- 艾炷灸 3～5壯
- 艾條灸 5～10分
|치통, 귀병, 하악탈구, 치신경동, 안면신경마비, 치은막염, 중풍구금,구안괘사

족양명위경 (Stomach Meridian, ST)|ST8 두유 (頭維)|머리, 이마각(corner of the forehead) 前髮際(anterior hairline)에서 수직으로 위쪽으로 0.5寸, 앞정중선(anterior median line)에서 가쪽으로 4.5寸.
취혈없음
|없음|- 直刺 0.2～0.3寸
- 斜刺 0.3～0.5寸
|두통, 편두통, 안면신경마비, 정신질환, 시력감퇴, 결막염, 뇌충혈, 안검경련

족양명위경 (Stomach Meridian, ST)|ST9 인영 (人迎)|목 앞부위, 방패연골(thyroid catilage) 위모서리와 같은 높이, 목빗근(sternocleidomastoid muscle) 앞쪽, 온목동맥(common carotid artery)이 뛰는 곳.
|저항을 받으며 머리를 반대편으로 돌리면 목빗근이 현저하게 드러난다.
|- 直刺 0.2～0.3寸 (不宜過深刺 혹 禁刺)
- 斜刺 0.3～0.7寸
|고혈압, 저혈압, 갑상선종대, 인후종통, 천시그 위경련, 식도경련, 급성관절류머티즘, 골수염, 협심증, 신경성김계항진, 두통, 현운

족양명위경 (Stomach Meridian, ST)|ST10 수돌 (水突)|목 앞부위, 반지연골(cricoid cartilage)과 같은 높이, 목빗근(sternocleidomastoid muscle) 앞모서리 바로 앞쪽.
취혈없음
|없음|- 斜刺 0.5～0.7寸
- 直刺 0.3～0.4寸 (外方에서 內側을 향하여 刺入)
- 자침시 온목동맥을 피해야 한다.
|기관지염, 인후통, 갑상선질환

족양명위경 (Stomach Meridian, ST)|ST11 기사 (氣舍)|목 앞부위, 작은빗장위오목(lesser supraclavicular fossa), 빗장뼈 복장끝(sternal end of the clavicle)의 위쪽, 목빗근(sternocleidomastoid muscle)의 빗장뼈갈래(clavicular head)와 복장뼈갈래(sternal head)의 사이 오목한 곳.
|저항을 받으며 머리를 반대편으로 돌리면 목빗근이 현저하게 드러난다.
|- 直刺 0.3～0.5寸
- 斜刺 0.3～0.5寸
|인후염, 천식, 갑상선종, 나력, 음식이 내려가지 않음

족양명위경 (Stomach Meridian, ST)|ST12 결분 (缺盆)|목 앞부위, 큰빗장위오목(greater supraclavicular fossa), 앞정중선(anteriormedian line)에서 가쪽으로 4寸, 빗장 뼈(clavicle) 위쪽 오목한 곳.
|없음
|- 直刺 0.3～0.5寸
- 宜橫刺(直下에는 肺尖部가 있고, 바깥목동맥, 빗장밑동․정맥이 있어 刺鍼으로 손상받는 것을 방지하기 위하여 橫刺한다.
|천식, 애여그 경부임파선염, 흉만, 후두염, 항강, 상지마비, 결분통

족양명위경 (Stomach Meridian, ST)|ST13 기호 (氣戶)|앞가슴부위, 빗장뼈(clavicle) 아래쪽, 앞정중선(anterior median line)에서 가쪽으로 4寸.
|없음|- 直刺 0.2～0.3寸
- 斜刺 0.3～0.5寸
- 不宜深刺 (첫째～여섯째 갈비뼈사이의 胸部 內部에는 肺가 있으므로 深刺를 禁한다.)
|기관지염, 감모, 천식, 늑간신경통

족양명위경 (Stomach Meridian, ST)|ST14 고방 (庫房)|앞가슴부위, 첫째 갈비사이공간(the 1st intercostal space), 앞정중선(anterior median line)에서 가쪽으로 4寸.
|없음|- 直刺 0.2～0.3寸
- 斜刺 0.3～0.5寸
- 不宜深刺
|기관지염, 해수, 천식, 흉통, 늑간신경통, 호흡기증상과 심장병에 효과있다.

족양명위경 (Stomach Meridian, ST)|ST15 옥예 (屋翳)|앞가슴부위, 둘째 갈비사이공간(the 2nd intercostal space), 앞정중선(anterior median line)에서 가쪽으로 4寸.
|먼저 복장뼈각(sternal angle)과 같은 높이에서 둘째 갈비뼈(the 2nd rib)를 찾으면, 그 아래가 둘째 갈비사이공간이 된다. 남성의 경우는 젖꼭지(nipple)에서 위쪽으로 갈비뼈 2개만큼 올라와도 된다. 본래 갈비뼈가 활모양으로 휘었기 때문에, 屋翳(ST15)는 神藏(KI25)보다 약간 위쪽에 위치한다.
|- 直刺 0.2～0.3寸 (不宜深刺)
- 斜刺 0.3～0.5寸
|가관지염, 유선염, 늑간신경통, 상기증, 부종

족양명위경 (Stomach Meridian, ST)|ST16 응창 (膺窓)|앞가슴부위, 셋째 갈비사이공간(the 3rd intercostal space), 앞정중선(anterior median line)에서 가쪽으로 4寸.
|靈墟(KI24)의 가쪽으로 2寸 부위에서 취혈한다.
|- 直刺 0.2～0.3寸 (不可深刺)
- 斜刺 0.3～0.5寸
|기관지염, 유선염, 늑간신경통, 상기증, 부종

족양명위경 (Stomach Meridian, ST)|ST17 유중 (乳中)|앞가슴부위, 젖꼭지(nipple)의 중심.
|남성의 경우, 넷째 갈비사이공간(the 4th intercostal space)에 젖꼭지의 중심이 위치한다.
|- 禁鍼 (『鍼灸甲乙經』)
|어린이 경기에 최후방벙으로 오른쪽 유증을 사상구 1~2장으로 자극한다.

족양명위경 (Stomach Meridian, ST)|ST18 유근 (乳根)|앞가슴부위, 다섯째 갈비사이공간(the 5th intercostal space), 앞정중선(anterior median line)에서 가쪽으로 4寸.
|남성의 경우, 젖꼭지를 지나는 수직선과 다섯째 갈비사이공간이 만나는 지점에서 취혈한다. 여성의 경우, 젖아래주름(inferior crease of the breast)의 중점에서취혈한다.
|- 直刺 0.2～0.3寸
- 斜刺 0.3～0.5寸
- 橫刺 0.5～1寸
|유선염, 젖부족, 기관지염, 흉통, 심근경색

족양명위경 (Stomach Meridian, ST)|ST19 불용 (不容)|윗배, 배꼽(umbilicus) 중심에서 위쪽으로 6寸, 앞정중선(anterior median line)에서 가쪽으로 2寸.
|巨闕(CV14)에서 가쪽으로 2寸, 갈비뼈각(costal angle) 아래에서 취혈한다. 명치각(infrasternal angle)이 너무 날카롭거나 갈비뼈가 不容(ST19) 아래쪽에 있는 경우에는 斜刺하여 不容(ST19)에 이르도록 한다.
|- 直刺 0.5～0.8寸
- 斜刺 0.5～1寸
|만성위염, 구토, 위하수, 위경련, 늑간신경통, 위산과다, 담석통, 간염, 간경화, 딸국질, 장명, 황달, 심통

족양명위경 (Stomach Meridian, ST)|ST20 승만 (承滿)|윗배, 배꼽(umbilicus) 중심에서 위쪽으로 5寸, 앞정중선(anterior median line)에서 가쪽으로 2寸.
|없음
|- 直刺 0.5～1寸
- 斜刺 0.5～1.5寸
|급, 만성 위염, 소화불량, 간질환, 복명, 황달

족양명위경 (Stomach Meridian, ST)|ST21 양문 (梁門)|윗배, 배꼽(umbilicus) 중심에서 위쪽으로 5寸, 앞정중선(anterior median line)에서 가쪽으로 2寸.
|없음
|- 直刺 0.5～1寸
- 斜刺 0.5～1.5寸
|위궤양, 급만성위염, 위하수, 위무력증, 식욕부진, 황달, 담석통, 위암, 위산과다증, 설사, 탈항

족양명위경 (Stomach Meridian, ST)|ST22 관문 (關門)|윗배, 배꼽(umbilicus) 중심에서 위쪽으로 3寸, 앞정중선(anterior median line)에서 가쪽으로 2寸.
|없음
|- 直刺 0.5～1寸
- 斜刺 0.8～1.5寸
|복창, 식욕부진, 복명, 설사, 급성위염, 위경련, 위하수, 유뇨증, 변비

족양명위경 (Stomach Meridian, ST)|ST23 태을 (太乙)|윗배, 배꼽(umbilicus) 중심에서 위쪽으로 2寸, 앞정중선(anterior median line)에서 가쪽으로 2寸.
취혈
없음
|없음|- 直刺 0.5～1寸
- 斜刺 0.8～1.5寸
|위통, 장산통, 각기, 유뇨, 심번, 정신질환

족양명위경 (Stomach Meridian, ST)|ST24 활육문 (滑肉門)|윗배, 배꼽(umbilicus) 중심에서 위쪽으로 1寸, 앞정중선(anterior median line)에서 가쪽으로 2寸.
|없음
|- 直刺 0.5～1寸
- 斜刺 0.8～1.5寸
|정신질환, 위출혈, 장산통, 급만성위염, 소화불량, 위하수, 십이지장궤양, 신경성위염, 고혈압, 신우염, 탈항

족양명위경 (Stomach Meridian, ST)|ST25 천추 (天樞)|윗배, 배꼽(umbilicus)의 중심에서 가쪽으로 2寸.
|없음
|- 直刺 0.5～1寸
- 斜刺 0.8～1.5寸
- 孕婦는 禁鍼
|급만성위염, 변비, 급만성장염, 복막염, 수종병, 신장병, 자궁내막염, 요통, 불임, 소변불리, 생리불순

족양명위경 (Stomach Meridian, ST)|ST26 외릉 (外陵)|아랫배, 배꼽(umbilicus) 중심에서 아래쪽으로 1寸, 앞정중선(anterior median line)에서 가쪽으로 2寸.
|없음
|- 直刺 0.5～1寸
- 斜刺 0.8～1.5寸
|복통, 위하수, 생리통, 생리불순, 족냉, 어혈증

족양명위경 (Stomach Meridian, ST)|ST27 대거 (大巨)|아랫배, 배꼽(umbilicus) 중심에서 아래쪽으로 2寸, 앞정중선(anterior median line)에서 가쪽으로 2寸.
|없음
|- 直刺 0.5～1寸
- 斜刺 0.8～1.5寸
- 오른쪽 穴에는 盲腸이 있어 주로 왼쪽 穴을 사용한다.
|복통, 장협착, 하리, 변비, 맹장염, 방광염, 불임증, 대하, 자궁내막염, 배뇨곤란, 신질환, 산통, 불면증, 반신불수, 과골신경통, 요통, 류머티스

족양명위경 (Stomach Meridian, ST)|ST28 수도 (水道)|아랫배, 배꼽(umbilicus) 중심에서 아래 쪽으로 3寸, 앞정중선(anterior median line)에서 가쪽으로 2寸.
|없음
|- 直刺 0.5～1寸
- 斜刺 0.8～1.5寸
|신염, 방광염, 복수, 고환염, 대소변불통, 자궁내막염, 생리불순, 자궁하수, 하복부의 제증상

족양명위경 (Stomach Meridian, ST)|ST29 귀래 (歸來)|아랫배, 배꼽(umbilicus) 중심에서 아래쪽으로 4寸, 앞정중선(anterior median line)에서 가쪽으로 2寸.
|없음
|- 直刺 0.5～1寸
- 斜刺 0.9～1.5寸
- 橫刺時는 鍼尖을 恥骨結合을 향해 1.5～2寸 刺入
|생리불순, 자궁내막염, 자궁근종, 고환염, 움위, 몽정, 전립선비대, 방광염, 뇨도염

족양명위경 (Stomach Meridian, ST)|ST30 기충 (氣衝)|샅부위(groin region), 두덩결합(pubic symphysis) 위모서리와 같은 높이,앞정중선(anterior median line)에서 가쪽으로 2寸, 넙다리동맥(femoral artery)이 뛰는 곳
|없음
|- 直刺 0.3～0.5寸
- 斜刺 0.5～1寸 (鍼尖을 外陰部로 향해 刺入한다. 자침시 동맥을 피하여 출혈되지 않도록 한다.)
|남녀 생식기질환(자궁내막염, 난소염, 생리불순, 생리통고환한통), 비뇨기질환(방광염, 요도염, 신우신염), 불임, 난산, 복수(뜸)

족양명위경 (Stomach Meridian, ST)|ST31 비관 (髀關)|넓적다리 앞쪽면, 넙다리곧은근(rectus femoris muscle) 몸쪽끝, 넙다리빗근(sartorius muscle), 넙다리근막긴장근(tensor fasciae latae muscle)의 세 근육 사이의 오목한 곳.
|엉덩이와 무릎을 약간 굽히고, 넓적다리의 앞안쪽에 저항을 주며 다리를 살짝 외전시키면 세모꼴의 오목한 부위가 나타난다. 넙다리곧은근의 몸쪽끝은 안쪽의 넙다리빗근과 가쪽의 넙다리근막긴장근 사이의 오목한 곳에서 나타난다. 髀關(ST31)은 이 세모의 꼭짓점아래 가장 오목한 곳에 위치한다. 무릎뼈바닥 가쪽끝(lateral end of the base of the patella)과 위앞엉덩뼈가시(anterior superior iliac spine)의 연결선에서 두덩결합의 아래모서리(inferior border of the pubic symphysis)와 같은 높이에서 취혈한다.
|- 直刺 0.8～1.5寸
- 斜刺 1.5寸～2寸
|하지마비, 서혜부임파선임, 슬관절염, 고관절통, 복통, 복창, 정가

족양명위경 (Stomach Meridian, ST)|ST32 복토 (伏兎)|넓적다리 앞가쪽면, 위앞엉덩뼈가시(anterior superior iliac spine)와 무릎뼈바닥 가쪽끝(the lateral end of the base of the patella)을 연결하는 선 위, 무릎뼈바닥에서 위쪽으로 6寸.
|없음
|- 直刺 0.5～1寸
- 斜刺 1.5寸～2寸
|하지의 감각, 운동마비, 슬관절염, 담마진,슬냉, 복만, 흉통

족양명위경 (Stomach Meridian, ST)|ST33 음시 (陰市)|넓적다리 앞가쪽면, 넙다리곧은근힘줄(rectus femoris tendon) 가쪽, 무릎뼈바닥(base of the patella)에서 위쪽으로 3寸.
|伏兎(ST32)와 무릎뼈바닥 가쪽끝을 연결하는 선의 중점에서 취혈한다.
|없음|슬관절염, 하지마비, 소복냉통, 슬냉, 다리, 허리, 무릎의 한습에 효과 있다.

족양명위경 (Stomach Meridian, ST)|ST34 양구 (梁丘)|넓적다리 앞가쪽면, 가쪽넓은근(vastus lateralis muscle)과 넙다리곧은근힘줄(rectus femoris tendon) 가쪽모서리사이, 무릎뼈바닥(base of patellae)에서 위쪽으로 2寸.
|넓적다리 근육에 힘을 주면, 넙다리 곧은근힘줄과 가쪽넓은근이 현저하게 드러난다. 근육과 힘줄 사이, 陰市(ST33)에서 수직으로 아래쪽 1寸 지점에서 취혈한다.
|- 直刺 0.5～1寸
- 斜刺 1～1.5寸
|위염, 위경련, 복통설사, 대최부신경통, 슬관절염, 신경통, 반신불수, 류머티즘

족양명위경 (Stomach Meridian, ST)|ST35 독비 (犢鼻)|무릎 앞쪽면, 무릎인대(patella ligament)의 가쪽 오목한 곳으로. 무릎을 굽혔을 때, 무릎뼈 아래가쪽 오목한 곳에서 취혈한다.
|없음
|- 0.3～0.5寸 直刺
- 內膝眼쪽으로 2～2.5寸 透刺
|슬관절진환, 하지마비

족양명위경 (Stomach Meridian, ST)|ST36 족삼리 (足三里)|종아리 앞쪽면, 犢鼻(ST35)와 解谿(ST41)를 연결하는 선을 16촌으로 하여, 犢鼻(ST35)에서 아래쪽으로 3寸에 해당됨.
|앉은 자세에서 발목에 힘을 빼거나, 또는 바로 누워 무릎을 굽힌 자세에서, 犢鼻(ST35) 아래쪽 3寸, 앞정강근(tibialis anterior muscle) 위에 취혈한다. 정강뼈거친면(tuberosity of tibia), 종아리뼈머리(head of fibula), 足三里(ST36)가 정삼각형 모양을 이룸.
|- 0.5～1.5寸 直刺
- 上方 또는 下方을 향해 1～2寸 사자를 함.
|급만성위염, 위경련, 소화불량, 식욕부진, 급만성장염등 위장질환, 고혈압, 사지권태, 편마비, 중풍예방, 현훈, 빈혈, 변비, 간,담질환, 허약체질, 구강질환, 만성신경쇠약, 알레르기성 질환, 정신병 장명, 축농증, 비염, 비뇨, 생식기질환, 사지부종

족양명위경 (Stomach Meridian, ST)|ST37 상거허 (上巨虛)|종아리 앞쪽면, 犢鼻(ST35)와 解谿(ST41)를 연결하는 선을 16촌으로 하여, 犢鼻(ST35)에서 아래쪽으로 6寸에 해당됨.
|앉은 자세에서 발목에 힘을 빼거나, 또는 바로 누워 무릎을 굽힌 자세에서, 犢鼻(ST35) 아래쪽 6寸, 앞정강근(tibialis anterior muscle) 위에 취혈한다.
|- 0.5～1.5寸 直刺
- 斜刺 1～2寸
|복통, 장명, 설사, 충수염, 장염, 위염, 변비

족양명위경 (Stomach Meridian, ST)|ST38 조구 (條口)|종아리 앞쪽면, 犢鼻(ST35)와 解谿(ST41)를 연결하는 선을 16촌으로 하여, 犢鼻(ST35)에서 아래쪽으로 8寸에 해당됨.
|犢鼻(ST35) 아래쪽 8寸 부위. 즉 독비와 해계를 연결한 선의 중점으로, 앞정강근(tibialis anterior muscle) 위에 취혈하며, 豊隆(ST40)과 같은 높이에 해당됨.
|- 0.5～1寸 直刺
- 斜刺 1～1.5寸
|슬관절통, 하지마비, 위장염, 견괄절염, 전근

족양명위경 (Stomach Meridian, ST)|ST39 하거허 (下巨虛)|종아리 앞쪽면, 犢鼻(ST35)와 解谿(ST41)를 연결하는 선을 16촌으로 하여, 犢鼻(ST35)에서 아래쪽으로 9寸에 해당됨.
|犢鼻(ST35) 아래쪽 9寸 부위로, 앞정강근(tibialis anterior muscle) 위에 취혈하며, 陽交(GB35)․外丘(GB36)와 같은 높이에 해당됨.
|- 直刺 0.5～1寸
- 斜刺 1～1.5寸
|급만성장염, 하지마비, 유방암, 흉복통, 류머티스관절염, 후두염, 식욕부진

족양명위경 (Stomach Meridian, ST)|ST40 풍륭 (豊隆)|종아리 앞가쪽면, 앞정강근(tibialis anterior muscle)의 가쪽모서리에 있으며, 犢鼻(ST35)와 解谿(ST41)를 연결하는 선을 16촌으로 하여, 가쪽 복사 융기(prominence of the lateral malleolus) 위쪽으로 8寸 부위에 해당됨.
|가쪽 복사 융기(prominence of the lateral malleolus) 위쪽으로 8寸 부위. 즉 독비와 해계를 연결한 선의 중점 높이로, 條口(ST38)에서 가쪽으로 1指 뒤에서 취혈한다.
|- 0.5～1寸 直刺
- 斜刺 1～1.5寸 (鍼尖을 약간 內側으로 향해 刺入)
|해수, 가래, 담병, 두통, 현운, 급성복통, 여자의 심통, 경폐, 변비

족양명위경 (Stomach Meridian, ST)|ST41 해계 (解谿)|발목 앞쪽면, 발목관절 앞면 중앙부위로서, 긴엄지폄근힘줄(extensor halluces longus tendon)과 긴발가락폄근힘줄(extensor digitorum longus tendon) 사이 오목한 곳에 위치함.
|발목을 발등 쪽으로 굽혔을 때 발등에서 더욱 도드라지는 긴엄지폄근힘줄과 긴발가락폄근힘줄 사이 오목한 곳에서 취혈하는데, 가쪽복사 융기(prominence of the lateral malleolus)와 안쪽복사 융기(prominence of the medial malleolus)를 연결하는 선의 중점에 해당됨.
|- 鍼尖을 足根部로 향하여 0.3～0.8寸 直刺
|족관절질환, 전근, 족하수, 두통, 현운, 당뇨병, 얼굴부종, 눈병(뜸), 전간, 시력감퇴

족양명위경 (Stomach Meridian, ST)|ST42 충양 (衝陽)|발등의 둘째 발허리뼈(the 2nd metatarsal bone) 바닥과 중간쐐기뼈(intermediate cuneiform bone)의 관절부위에 해당되며, 발등동맥(dorsalis pedis artery)이 뛰는 곳에 취혈함.
|없음
|- 足背動靜脈을 피하여 鍼尖을 足背에서 足底를 향해 0.2～0.3寸 直刺
|두통, 안면신경마비, 치통, 족배통, 정신과 질환, 하지마비

족양명위경 (Stomach Meridian, ST)|ST43 함곡 (陷谷)|발등, 둘째와 셋째 발허리뼈(the 2nd and 3rd metatarsal bones)의 사이, 둘째 발허리발가락관절(the 2nd metatarsophalangeal joint)의 몸 쪽 오목한 곳.
|없음
|- 直刺 0.3～0.5寸
- 斜刺 0.5～1寸
|안면 부종, 결막염, 반신불수, 발등부종, 장명, 복통, 고열

족양명위경 (Stomach Meridian, ST)|ST44 내정 (內庭)|발등 부위, 둘째와 셋째 발가락(the 2nd and 3rd toes) 사이, 발샅 가장자리(web margin) 뒤쪽, 赤白肉際.
|없음
|- 直刺 0.2～0.4寸
- 斜刺 0.3～0.8寸 (鍼尖을 上向하여 刺入)
|삼차신경통, 편도선염, 급만성위장염, 장명,식중독, 안면부종, 코피, 각기병, 비복근경련, 족배수종 구아괘사, 치통

족양명위경 (Stomach Meridian, ST)|ST45 여태 (厲兌)|둘째발가락, 끝마디뼈(distal phalanx)가쪽, 둘째발톱 가쪽 뿌리각(lateral corner of the 2nd toenail)에서 몸가쪽으로 0.1寸.
|둘째발톱의 가쪽모서리를 지나는 수직선과 발톱뿌리를 지나는 수평선이 만나는 지점에서 취혈한다.
|- 直刺 0.1～0.2寸
- 斜刺 0.1～0.2寸
|뇌빈혈, 편도선염, 당뇨병, 복수, 소화불량, 심복창만, 안면신경마비, 정신착란 고열

족태음비경 (Spleen Meridian, SP)|SP1 은백 (隱白)|엄지발가락, 끝마디뼈(distal phalanx) 안쪽, 엄지발톱 안쪽 뿌리각(medial corner of the toenail)에서 몸 안쪽으로 1分(0.1寸).
|엄지발톱의 안쪽 모서리를 지나는 수직선과 발톱뿌리를 지나는 수평선이 만나는 지점에서 취혈한다.
|- 直刺 0.1～0.2寸
- 斜刺 0.1～0.3寸 (鍼尖을 上向하여 刺入)
- 三稜鍼으로 點刺出血
|소아의 소화불량, 하지냉증, 월경과다, 월경불순, 자궁경련, 하복창만, 소변불리, 정신병, 구급혈

족태음비경 (Spleen Meridian, SP)|SP2 대도 (大都)|엄지발가락, 첫째 발허리발가락관절(the 1st metatarsophalangeal joint)에서 먼 쪽 오목한 곳, 赤白肉際.
|없음
|- 直刺 0.2～0.3寸
- 斜刺 0.3～0.5寸
|없음
족태음비경 (Spleen Meridian, SP)|SP3 태백 (太白)|발 안쪽면, 엄지발가락, 첫째 발허리발가락관절(the 1st metatarsophalangeal joint)에서 몸 쪽 오목한 곳의 赤白肉際에 취혈함.
|없음
|- 0.3～0.5寸 直刺
- 斜刺 0.3～0.5寸
|급성위장염, 소화불량, 두통, 복창, 부종, 불면증, 변비, 고,슬관절통, 비복근경련, 정신병, 신경쇠약

족태음비경 (Spleen Meridian, SP)|SP4 공손 (公孫)|발 안쪽면, 첫째 발허리뼈바닥(base of the 1st metatarsal bone)의 아래앞쪽, 赤白肉際.
|손가락을 太白(SP3)에서부터 몸 쪽으로 움직이면, 첫째 발허리뼈바닥 먼 쪽에서 촉지되는 오목한 곳에서 취혈한다.
|- 直刺 0.5～1寸
- 斜刺 1～1.5寸
- 湧泉을 향해 1.5～2寸 透刺
|위통, 식욕부진, 소화불량, 헛배부름, 장출혈, 구토, 고혈압, 간질, 빈뇨, 탈항, 심통, 동계, 당뇨병

족태음비경 (Spleen Meridian, SP)|SP5 상구 (商丘)|발 안쪽면, 안쪽복사(medial malleolus) 아래앞쪽, 발배뼈거친면(tuberosity of the navicular bone)과 안쪽복사 융기(prominence of the medial malleolus)를 연결하는 선 중간의 오목한 곳이며, 中封(LR4)의 뒤쪽, 照海(KI6)의 앞쪽에 위치한다.
|안쪽복사 앞모서리를 지나는 수직선과 아래모서리를 지나는 수평선이 만나는 지점에서 취혈한다.
|- 0.3～0.5寸 直刺를 하거나
- 鍼尖을 解谿(ST41)를 향해 1～1.5寸 橫刺
|위염, 장염, 위무력, 족관절 염좌, 복장, 부종, 설사, 변비, 황달, 치질, 유방통

족태음비경 (Spleen Meridian, SP)|SP6 삼음교 (三陰交)|종아리 정강뼈면, 정강뼈 안쪽모서리(medial border of the tibia) 뒤쪽에 해당되며, 안쪽복사 융기(prominence of the medial malleolus)에서 음릉천까지 13촌으로 정했을 때 안쪽복사융기 위 3寸 부위에 취혈함. 바로 1촌 아래지점에 족소음신경의 交信(KI8)이 위치한다.
|없음
|- 1～1.5寸 直刺
- 足部病 치료시는 鍼尖을 약간 後方으로 향해 1～1.5寸 刺入.
- 體幹부 疾患 치료시는 鍼尖을 약간 上向하여 刺入하거나 懸鍾(GB39)으로 透刺하기도 한다.
- 임신부에는 금침혈로 되어 있어 강한 자극을 피해야 함. (아직 명확한 근거는 부족하다)
|비뇨, 생식기질환, 월경불순, 자궁출혈, 산후오혈, 갱년기,불임, 고환염, 유정, 임질, 위장병, 복통, 설사, 반신불수, 하지신경통, 신경쇠약, 신경성 피부염, 신장염, 방광염, 부인병에 일체

족태음비경 (Spleen Meridian, SP)|SP7 누곡 (漏谷)|종아리 정강뼈면, 정강뼈 안쪽모서리(medial border of the tibia) 뒤쪽에 해당되며, 안쪽복사 융기(prominence of the medial malleolus)에서 음릉천까지 13촌으로 정했을 때 안쪽복사융기에서 위로 6寸 부위에 취혈함.
|三陰交(SP6)에서 위쪽으로 3寸지점에 해당됨.
|- 0.5～1寸 直刺
- 斜刺 1～1.5寸
|복창, 복명, 뇨로감염증, 하지무력, 실정

족태음비경 (Spleen Meridian, SP)|SP8 지기 (地機)|종아리 정강뼈면, 정강뼈 안쪽모서리(medial border of the tibia) 뒤쪽에 해당되며, 안쪽복사 융기(prominence of the medial malleolus)에서 음릉천까지 13촌으로 정했을 때 陰陵泉(SP9)에서 아래쪽으로 3寸 부위에 취혈함.
|없음
|- 0.5～1寸 直刺
- 斜刺 1～2寸
|소화불량, 위장병, 뇨폐, 자궁출혈, 정액결핍, 당뇨병, 하지신경통, 하지마비

족태음비경 (Spleen Meridian, SP)|SP9 음릉천 (陰陵泉)|종아리 정강뼈면, 정강뼈 안쪽관절융기 아래모서리와 정강뼈 안쪽모서리(medial border of the tibia) 사이의 오목한 곳.
|손가락을 정강뼈 안쪽모서리를 따라서 몸 쪽으로 움직이면 무릎관절 아래에 오목한 곳이 느껴진다. 정강뼈 안쪽관절융기의 아래모서리와 정강뼈 뒤모서리로 이루어진 각의 오목한 곳에서 취혈한다.
|- 直刺 0.5～1寸
- 斜刺 1～1.5寸
- 陽陵泉(GB34)으로 透刺하기도 한다.
|슬관절염, 복수, 복창, 복막염, 장산통, 요실금, 신염, 뇨폐, 유정, 음위, 요통, 갱년기장애, 고혈압, 자궁출혈

족태음비경 (Spleen Meridian, SP)|SP10 혈해 (血海)|넓적다리 앞 안쪽면, 안쪽넓은근(vastus medialis muscle)이 튀어나온 곳으로, 무릎뼈바닥(base of the patella) 안쪽 끝에서 위쪽으로 2寸 부위에 해당됨.
|환자로 하여금 바르게 앉아 무릎을 굽히게 하고, 의사의 손바닥을 환자 무릎에 올려 손바닥을 무릎뼈꼭지 끝에 대고, 엄지손가락과 검지손가락이 이루는 각이 45°가 되도록 벌려서, 엄지손가락을 넓적다리 안쪽으로 향하게 하여 무릎뼈를 감싸듯이 손을 내렸을 때, 엄지손가락 끝이 닿는 곳에서 취혈한다.
|- 0.5～0.8寸 直刺
- 斜刺 1～1.5寸
|어혈, 임질, 류마치스관절염, 월경불순, 자궁내막염, 자궁출혈, 갱년기장애, 피부소양증, 피부병, 복통, 요실금, 빈혈

족태음비경 (Spleen Meridian, SP)|SP11 기문 (箕門)|넓적다리 안쪽면, 무릎뼈바닥(base of the patella) 안쪽끝과 衝門(SP12)을 연결하는 선에서 위쪽으로부터 1/3과
아래쪽으로부터 2/3가 되는 지점, 긴 모음근(adductor longus muscle)과 넙다리빗근(sartorius muscle)의 사이, 넙다리동맥(femoral artery)이 뛰는 곳.
|없음|- 直刺 0.3～0.5寸 (動脈을 피하여 刺鍼)
- 斜刺 0.5～0.8寸
- 不可深刺
|임질, 요도염, 요실금, 유정, 고환염, 하지신경통, 족정맥유, 서혜암파선염, 대퇴부신경통, 전근, 레이노병

족태음비경 (Spleen Meridian, SP)|SP12 충문 (衝門)|샅부위(groin region), 샅고랑 주름(inguinal crease) 위, 넙다리동맥(femoral artery)의 가쪽.
|曲骨(CV2)과 같은 높이, 府舍(SP13)의 아래안쪽에서 취혈한다.
|- 直刺 0.5～0.7寸 (動脈을 피하여 刺鍼)
- 斜刺 0.5～1寸
|자궁내막염, 고환염, 뇨폐, 위경련, 산통, 자궁경련, 탈장, 상기증

족태음비경 (Spleen Meridian, SP)|SP13 부사 (府舍)|아랫배, 배꼽(umbilicus) 중심에서 아래쪽으로 4.3寸, 앞정중선(anterior median line)에서 가쪽으로 4寸.
|없음
|- 直刺 0.5～1寸
- 斜刺 0.5～1寸
|산통, 서혜임파선염, 하복통, 충수염, 변비

족태음비경 (Spleen Meridian, SP)|SP14 복결 (腹結)|아랫배, 배꼽(umbilicus) 중심에서 아래쪽으로 1.3寸, 앞정중선(anterior median line)에서 가쪽으로 4寸.
|없음
|- 直刺 0.5～1寸
- 斜刺 0.5～1寸
|복막염, 변비, 하리, 대장염, 만성충수염, 제부통, 황달, 복부의 적취

족태음비경 (Spleen Meridian, SP)|SP15 대횡 (大橫)|윗배, 배꼽(umbilicus) 중심에서 가쪽으로 4寸.
|없음
|- 直刺 0.5～1寸
- 斜刺 0.7～1.5寸
- 橫刺 2～2.5寸
- 蛔蟲症 치료시는 臍中을 향해 橫刺한다.
|설사, 변비, 복수, 장산통, 복막염, 월경곤랁, 사지무력

족태음비경 (Spleen Meridian, SP)|SP16 복애 (腹哀)|윗배, 배꼽(umbilicus) 중심에서 위쪽으로 3寸, 앞정중선(anterior median line)에서 가쪽으로 4寸.
|없음
|- 直刺 0.5～1寸
- 斜刺 0.7～1寸
|복통의 주치혈, 소화불량 이질, 변비, 위장병, 십이지장궤양, 간장병, 담석증

족태음비경 (Spleen Meridian, SP)|SP17 식두 (食竇)|앞가슴부위, 다섯째 갈비사이공간(the 5th intercostal space), 앞정중선(anterior median line)에서 가쪽으로 6寸.
|없음|- 直刺 0.2～0.3寸 (不宜深刺)
- 斜刺 0.3～0.4寸
|늑간신경통, 습성흉막염, 복수, 위장병, 식중독, 장명, 소변불리, 해수

족태음비경 (Spleen Meridian, SP)|SP18 천계 (天谿)|앞가슴부위, 넷째 갈비사이공간(the 4th intercostal space), 앞정중선(anterior median line)에서 가쪽으로 6寸.
|없음
|- 直刺 0.2～0.3寸 (不宜深刺)
- 斜刺 0.3～0.5寸
|기관지염, 천식, 애역, 유선염, 흉협통

족태음비경 (Spleen Meridian, SP)|SP19 흉향 (胸鄕)|앞가슴부위, 셋째 갈비사이공간(the 3rd intercostal space), 앞정중선(anterior median line)에서 가쪽으로 6寸.
|없음
|- 直刺 0.2～0.3寸 (不宜深刺)
- 斜刺 0.3～0.5寸
|흉부질환, 늑간신경통, 유선염, 흉협통, 상열하냉의 상기증

족태음비경 (Spleen Meridian, SP)|SP20 주영 (周榮)|앞가슴부위, 둘째 갈비사이공간(the 2nd intercostal space), 앞정중선(anterior median line)에서 가쪽으로 6寸.
|없음
|- 直刺 0.2～0.4寸
- 斜刺 0.3～0.5寸
|늑간신경통, 폐농양, 흉막염, 기관지확장증, 폐렴, 기관지염, 유선염

족태음비경 (Spleen Meridian, SP)|SP21 대포 (大包)|가쪽가슴부위, 여섯째 갈비사이공간(the 6th intercostal space), 중간겨드랑선(midaxillary line) 위.
|옆으로 누워 팔을 외전시켰을 때, 중간겨드랑선과 여섯째 갈비사이공간이 만나는 곳에서 취혈한다.
|- 直刺 0.2～0.3寸 (不宜深刺)
- 斜刺 0.3～0.4寸
|없음
수소음심경 (Heart Meridian, HT)|HT1 극천 (極泉)|겨드랑, 겨드랑 중심(centre of the axillary fossa), 겨드랑동맥(axillary artery)이 뛰는 곳.
|팔꿈치를 구부리고 팔을 들어 손바닥을 머리 뒤쪽에 두고, 겨드랑동맥이 뛰는 부위를 취혈한다.
|- 直刺 0.2～0.5寸 (上向하여 겨드랑이로 향해)
- 혈관, 신경을 찌르지 않도록 주의한다.
|견관절염, 협심통, 협늑동통, 액취, 동계

수소음심경 (Heart Meridian, HT)|HT2 청령 (靑靈)|위팔 안쪽면, 위팔두갈래근(biceps brachii muscle)의 안쪽모서리 바로 안쪽, 팔오금주름(cubital crease)에서 위쪽으로 3寸.
|팔꿈치를 굽히고 위팔을 외전했을 때, 極泉(HT1)과 少海(HT3)를 연결하는 선에서 위쪽으로부터 2/3, 아래쪽으로부터 1/3이 되는 지점에서 취혈한다.
|- 直刺 0.3～0.5寸 (臂內側에서 外側으로)
- 斜刺 0.5～1寸
|협통, 목황, 견비통

수소음심경 (Heart Meridian, HT)|HT3 소해 (少海)|팔꿈치 앞안쪽면, 위팔뼈 안쪽위관절융기(medial epicondyle of the humerus) 바로 앞쪽, 팔오금주름(cubital crease)과 같은 높이
|팔꿈치를 굽혔을 때, 팔오금주름 안쪽끝과 위팔뼈 안쪽위관절융기를 연결하는 선의 중점에서 취혈한다.
|- 直刺 0.3～0.8寸
- 斜刺 0.5～1寸
|신경쇠약, 정신분열증, 현훈, 늑간신경통, 이명, 안충혈, 주관절통

수소음심경 (Heart Meridian, HT)|HT4 영도 (靈道)|아래팔 앞안쪽면, 자쪽손목굽힘근힘줄(flexor carpi ulnaris tendon)의 노쪽모서리 바로 노쪽, 손바닥쪽 손목주름(palmar wrist crease)에서 몸쪽으로 1.5寸.
|콩알뼈(pisiform bone) 위모서리 노쪽에서 몸쪽으로 1.5寸, 즉 神門(HT7)에서 몸쪽으로 1.5寸에서 취혈한다. 자뼈머리(head of the ulna)의 위모서리 및 列缺(LU7)과 같은 높이에 위치한다.
|- 直刺 0.2～0.5寸
- 斜刺 0.5～0.8寸
|심통, 정신분열증, 척골신경통, 마른기침, 동계, 인후통

수소음심경 (Heart Meridian, HT)|HT5 통리 (通里)|아래팔 앞안쪽면, 자쪽손목굽힘근힘줄(flexor carpi ulnaris tendon) 노쪽, 손바닥쪽 손목주름(palmar wrist crease)에서 몸 쪽으로 1寸.
|콩알뼈 몸쪽모서리 노쪽에서 몸 쪽으로 1寸, 즉 神門(HT7)에서 몸 쪽으로 1寸, 經渠(LU8)와 같은 높이에서 취혈한다. 靈道(HT4)는 자뼈머리(head of the ulna)의 뿌리, 通里(HT5)는 자뼈머리의 몸통, 陰郄(HT6)은 자뼈머리의 바닥과 같은 높이에 위치한다.
|- 直刺 0.3～0.5寸
- 斜刺 0.5～1寸
|심계항진, 협심통, 신경쇠약, 정신분열증, 히스테리성실어, 주비통, 월경과다, 해수, 천식, 두통, 목현, 인후통, 면열

수소음심경 (Heart Meridian, HT)|HT6 음극 (陰郄)|아래팔 앞안쪽면, 자쪽손목굽힘근힘줄(flexor carpi ulnaris tendon)의 노쪽, 손바닥 쪽 손목주름(palmar wrist crease)에서 몸 쪽으로 0.5寸.
|콩알뼈(pisiform bone) 몸 쪽 모서리 노쪽에서 몸 쪽으로 0.5寸, 즉 神門(HT7)에서 몸 쪽으로 0.5寸에서 취혈한다. 자뼈머리(head of the ulna)의 먼 쪽 모서리와 같은 높이에 위치한다.
|- 直刺 0.3～0.5寸
- 斜刺 0.5～1寸
|신경쇠약, 협심증, 심계항진, 코피, 비색, 도한, 폐결색, 눈의 피로, 현기증, 두통, 흉통, 주완의 소지특 통증

수소음심경 (Heart Meridian, HT)|HT7 신문 (神門)|손목 앞안쪽면, 자쪽손목굽힘근힘줄(flexor carpi ulnaris tendon)의 노쪽모서리 노쪽, 손바닥 쪽 손목주름(palmar wrist crease) 위.
|손바닥을 위로 향했을 때, 콩알뼈(pisiform bone) 몸 쪽 모서리의 노쪽 오목한 곳으로, 손바닥 쪽 손목주름 위에서 취혈한다
|- 直刺 0.2～0.5寸
- 斜刺 0.5～0.8寸
|신경쇠약, 심장비대, 심계항진, 건망증, 불면, 다몽, 히스테리, 치매, 전간, 협심통, 정신병, 설근마비, 코피, 토혈, 변비, 인건, 손바닥열, 오한발열, 거식증

수소음심경 (Heart Meridian, HT)|HT8 소부 (少府)|손바닥, 넷째와 다섯째 손허리뼈(the 4th and 5th metacarpal bones) 사이, 다섯째 손허리손가락관절(the 5th metacarpophalangeal joint)의 몸 쪽 오목한 곳.
※주 : 勞宮(PC8)과 같은 높이에 위치한다.
|주먹을 쥘 때, 새끼손가락 끝이 손바닥에 닿는 부위에서 취혈한다.
|- 直刺 0.3～0.5寸(鍼尖을 손바닥에서 손등을 향해 刺入)
- 斜刺 0.3～0.5寸
|풍습성심장병, 부정맥, 협심통, 히스테리, 소변불리, 유뇨, 임포텐스, 음부소양증, 반신불수, 손바닥열(땀), 목마름. 소지구련

수소음심경 (Heart Meridian, HT)|HT9 소충 (少衝)|새끼손가락, 끝마디뼈(distal phalanx)의 노쪽, 새끼손톱 노쪽 뿌리각(radial corner of the little fingernail)에서 몸가쪽으로 0.1寸
|새끼손톱의 노쪽모서리를 지나는 수직선과 손톱뿌리를 지나는 수평선이 만나는 지점에서 취혈한다.
|- 直刺 0.1～0.2寸
- 斜刺 0.2～0.3寸
- 三稜鍼으로 點刺出血
|조열, 인사불성, 심장병, 심계항진, 흉통, 손바닥열, 구갈, 주비통, 협심증

수태양소장경 (Small Intestine Meridian, SI)|SI1 소택 (少澤)|새끼손가락, 끝마디뼈(distal phalanx)의 자쪽, 새끼손톱 자쪽 뿌리각(ulnar corner of the little fingernail)에서 몸 안쪽으로 0.1寸.
|새끼손톱의 자쪽모서리를 지나는 수직선과 손톱뿌리를 지나는 수평선이 만나는 지점에서 취혈한다.
|- 直刺 0.1～0.2寸
- 斜刺 0.2～0.3寸 (약간 上向)
- 三稜鍼으로 點刺出血
|두통, 편도선염, 전박신경통, 산후유즙부족, 인사불성, 반신불수

수태양소장경 (Small Intestine Meridian, SI)|SI2 전곡 (前谷)|새끼손가락, 다섯째 손허리손가락관절(the 5th metacarpophalangeal joint)자쪽의 먼 쪽 오목한 곳, 赤白肉際.
|손을 약간 굽혔을 때, 새끼손가락의 손바닥 쪽 손허리손가락주름(palmar metacarpophalangeal crease) 자쪽 끝에서 취혈한다.
|- 直刺 0.2～0.3寸
- 斜刺 0.3～0.5寸
|목예, 이명, 인후염, 유선염, 코막힘, 해수, 수지마목, 주비통, 젖부족, 배뇨통

수태양소장경 (Small Intestine Meridian, SI)|SI3 후계 (後谿)|손등, 다섯째 손허리손가락관절(the 5th metacarpophalangeal joint) 자쪽의 몸 쪽 오목한 곳, 赤白肉際.
|손을 약간 굽혔을 때, 손바닥의 먼 쪽 가로피부주름(distal transverse skin crease)의 자쪽 끝, 赤白肉際에서 취혈한다.
|- 直刺 0.5～1寸
- 斜刺 0.5～2寸 (주먹을 쥐고 中手骨을 沿해 外側에서 前內方으로)
- 手指痙攣 치료시 合谷을 향해 1.5～2寸 透刺
|전간, 정신분열증, 학질, 목적통, 늑간신경통, 수지의 경련,마비, 통증, 두통, 요통, 이명, 이농, 낙침, 황달

수태양소장경 (Small Intestine Meridian, SI)|SI4 완골 (腕骨)|손목 뒤 안쪽면, 다섯째 손허리뼈바닥(base of the 5th metacarpal bone)과 세모뼈(triquetrum bone) 사이의 오목한 곳, 赤白肉際.
|손가락을 後谿(SI3)에서 다섯째 손허리뼈를 따라 몸 쪽으로 뼈가 튀어나온 곳까지 밀면, 다섯째 손허리뼈와 세모뼈 사이의 오목한 곳에 이른다. 이 곳의 赤白肉際에서 취혈한다.
|- 直刺 0.3～0.5寸
- 斜刺 0.5～1寸
|주관절통, 손목관절통, 지관절통, 협통, 두통, 항강통, 이명, 인후염, 황달

수태양소장경 (Small Intestine Meridian, SI)|SI5 양곡 (陽谷|손목 뒤 안쪽면, 자뼈붓돌기(ulnar styloid process)와 세모뼈(triquetrum bone) 사이의 오목한 곳.
|없음
|- 直刺 0.2～0.4寸
- 斜刺 0.3～0.5寸
|수관절통, 견비통, 이하선염, 정신과질환, 현훈, 이명, 이롱, 구내염, 치은염, 열성질환

수태양소장경 (Small Intestine Meridian, SI)|SI6 양로 (養老)|아래팔 뒤 안쪽면, 자뼈머리(head of the ulna)의 노쪽, 손등 쪽 손목주름(dorsal wrist crease)에서 몸 쪽으로 1寸 지점의 오목한 곳.
|손바닥을 아래로 향하게 하고, 다른 손의 한 손가락으로 자뼈머리의 가장 높은 지점을 누른 상태에서, 손바닥을 가슴 쪽으로 돌리면 손가락이 미끄러져 들어가는 뼈 사이의 틈새에서 취혈한다.
|- 直刺 0.3～0.5寸
- 斜刺 1～1.5寸 (內關(PC6)을 향해 刺入)
|견비통, 편마비, 낙침, 요통, 종기, 시력감퇴

수태양소장경 (Small Intestine Meridian, SI)|SI7 지정 (支正)|아래팔 뒤 안쪽면, 자뼈 안쪽모서리(medial border of the ulna)와 자쪽손목굽힘근(flexor carpi ulnaris muscle)의 사이, 손등 쪽 손목주름(dorsal wrist crease)에서 몸 쪽으로 5寸.
|陽谷(SI5)과 小海(SI8)를 연결하는 선의 중점에서 먼 쪽으로 1寸 지점에서 취혈한다.
|- 直刺 0.3～0.5寸
- 斜刺 0.3～0.5寸
|신경쇠약, 정신질환, 항강, 주비통, 두통, 척골신경통

수태양소장경 (Small Intestine Meridian, SI)|SI8 소해 (小海)|팔꿈치 뒤 안쪽면, 자뼈 팔꿈치머리(olecranon)와 위팔뼈 안쪽위관절융기(medial epicondyle of the humerus)사이의 오목한 곳.
|팔꿈치를 약간 굽혔을 때, 자신경고랑(groove for the ulnar nerve)에 해당하는 곳에서 취혈한다. 손가락으로 그곳을 두드리면 전기 통하는 느낌이 새끼손가락까지 전달된다.
|- 直刺 0.2～0.5寸
- 斜刺 0.3～0.7寸
|주관절통, 척골신경통, 전간, 정신분열증, 견배통, 무도병, 잇몸병, 눈충혈

수태양소장경 (Small Intestine Meridian, SI)|SI9 견정 (肩貞)|팔이음뼈(shoulder girdle), 어깨관절(shoulder joint) 아래뒤쪽, 겨드랑주름(axillary fold) 뒤쪽끝에서 위쪽으로 1寸.
|팔을 몸통에 붙이고, 뒤겨드랑주름 끝에서 위쪽으로 1寸, 어깨세모근(deltoid muscle)의 뒤에서 취혈한다.
|- 直刺 0.5～1寸
- 斜刺 0.5～1.5寸
|견배통, 견관절염, 상지마비, 액와다한증, 결분통, 오십견, 수족마목, 이명, 난청, 치통

수태양소장경 (Small Intestine Meridian, SI)|SI10 노수 (臑兪)|팔이음뼈(shoulder girdle), 겨드랑주름(axillary fold) 뒤쪽끝에서 위쪽, 어깨뼈가시(spine of the scapula) 아래쪽 오목한 곳.
|없음
|- 直刺 0.5～1寸
- 斜刺 1～2寸 (약간 前下方으로)
|견관절통, 상지의 통증과 마비, 오십견, 반신불수

수태양소장경 (Small Intestine Meridian, SI)|SI11 천종 (天宗)|어깨뼈부위, 어깨뼈가시(spine of the scapula) 중점과 어깨뼈 아래각(inferior angle of the scapula)을 연결하는 선에서 위쪽으로부터 1/3과 아래쪽으로 부터 2/3가 되는 지점의 오목한 곳.
|없음
|- 直刺 0.5寸
- 斜刺 0.5～1寸 (주위를 향해서)
|견갑통, 오십견, 흉통, 유선염, 안면의 종기

수태양소장경 (Small Intestine Meridian, SI)|SI12 병풍 (秉風)|어깨뼈부위, 가시위오목(supraspinatus fossa), 어깨뼈가시(spine of the scapula) 중점 위쪽의 오목한 곳.
|없음
|- 直刺 0.3～0.5寸
- 斜刺 0.5～0.7寸
|극상근건염, 오십견, 견배부의 산통, 상지마비, 중풍휴우증

수태양소장경 (Small Intestine Meridian, SI)|SI13 곡원 (曲垣)|어깨뼈부위, 어깨뼈가시(spine of the scapula) 안쪽끝 위쪽 오목한 곳.
|없음
|- 直刺 0.3～0.5寸
- 斜刺 0.5～0.8寸
|견갑통, 오십견, 견응증, 견관절통

수태양소장경 (Small Intestine Meridian, SI)|SI14 견외수 (肩外兪)|위쪽 등부위, 첫째 등뼈 가시돌기(spinous process of the 1st thoracic vertebra) 아래 모서리와 같은 높이, 뒤정중선(posterior median line)에서 가쪽으로 3寸.
|어깨뼈가시(spine of the scapula)의 안쪽끝을 지나는 수직선과 첫째 등뼈 가시돌기 아래를 지나는 수평선이 만나는 지점에서 취혈한다.
|- 直刺 0.3～0.5寸
- 斜刺 0.5～0.7寸
|견배통, 경항강통, 상지통

수태양소장경 (Small Intestine Meridian, SI)|SI15 견중수 (肩中兪)|위쪽 등부위, 일곱째 목뼈 가시돌기(spinous process of the 7th cervical vertebra) 아래 모서리와 같은 높이, 뒤정중선(posterior median line)에서 가쪽으로 2寸.
|뒤정중선과 어깨뼈 안쪽모서리(medial border of the scapula)를 연결하는 선에서 가쪽으로부터 1/3과 안쪽으로부터 2/3가 되는 지점을 지나는 수직선과 일곱째 목뼈 가시돌기 아래를 지나는 수평선이 만나는 지점에서 취혈한다.
|- 直刺 0.3～0.5寸
- 斜刺 0.5～0.8寸
|기관지염, 천식, 시력감퇴, 견응증, 견배통, 항강통, 탈모, 갑상선질환

수태양소장경 (Small Intestine Meridian, SI)|SI16 천창 (天窓)|목 앞부위, 목빗근(sternocleidomastoid muscle)의 뒤쪽, 방패연골(thyroid cartilage) 위모서리와 같은 높이.
|저항을 받으며 머리를 반대로 돌리면 목빗근이 현저하게 드러난다.
|- 直刺 0.3～0.5寸
- 斜刺 0.5～0.8寸
|편도선염, 인후종통, 갑상선질환, 이명, 중이염, 난청, 치통, 경항강통, 견비통

수태양소장경 (Small Intestine Meridian, SI)|SI17 천용 (天容)|목 앞부위, 턱뼈각(mandibular angle)뒤쪽, 목빗근(sternocleidomastoid muscle) 앞쪽 오목한 곳.
|저항을 받으며 머리를 반대로 돌렸을 때 목빗근이 현저하게 드러난다.
|- 直刺 0.3～0.5寸
- 斜刺 0.5～1.5寸 (舌根部로 향해)
|편도선염, 인후염, 천식, 이명, 난청, 치통, 중설, 경항종통, 함종

수태양소장경 (Small Intestine Meridian, SI)|SI18 관료 (顴髎)|얼굴, 광대뼈(zygomatic bone) 아래쪽, 가쪽눈구석(outer canthus)에서 수직으로 아래쪽 오목한 곳.
|광대뼈 아래모서리의 수평선과 가쪽눈 구석의 수직선이 만나는 부위의 오목한 곳에서 취혈한다.
|- 直刺 0.2～0.3寸
- 斜刺 0.5～1寸 (下方으로 향해)
- 禁鍼灸 (『醫學入門』)
- 刺二分禁灸 (『類經圖翼』)
|삼차신경통, 안면근경련, 안면신경마비, 상치통, 안정피로, 급성비염, 안면주름예방

수태양소장경 (Small Intestine Meridian, SI)|SI19 청궁 (聽宮)|얼굴, 귀구슬(tragus) 중심의 앞모서리와 아래턱뼈 관절돌기(condylar process of the mandible) 사이의 오목한 곳.
|입을 약간 벌릴 때 나타나는 귀구슬 중심의 앞쪽 오목한 곳으로, 耳門(TE21)과 聽會(GB2)의 사이에서 취혈한다.
|- 直刺 0.3～0.5寸
- 斜刺 0.5～1寸 (입을 벌리고 약간 下部로 향하여)
족태양방광경 (Bladder Meridian, BL)
|귓병일체, 두통, 현기증, 결막염, 시력감퇴, 기억력 감퇴

족태양방광경 (Bladder Meridian, BL)|BL1 정명 (睛明)|얼굴, 안쪽눈구석(inner canthus)의 위 안쪽 부분과 눈확(orbit)의 안쪽 벽 사이의 오목한 곳.
|눈을 감고 눈동자를 반대편으로 돌린 상태에서, 안쪽눈구석에서 위안쪽으로 0.1寸 지점의 오목한 곳에서 취혈한다.
|- 直刺 0.1～0.3寸 (不宜深刺)
- 斜刺 0.3～0.7寸
|눈병일체

족태양방광경 (Bladder Meridian, BL)|BL2 찬죽 (攢竹)|머리, 눈썹 안쪽끝의 오목한 곳.
|이마뼈패임(frontal notch), 睛明(BL1)에서 수직으로 위쪽, 눈썹 안쪽끝에서 취혈한다.
|- 直刺 0.3～0.5寸
- 三稜鍼으로 點刺出血
- 眼疾患 치료시 鍼尖을 下向하여 睛明(BL1)이나 外方의 絲竹空(TE23)으로 斜透刺 0.5～1寸
|전두통, 근시, 결막염, 백내장, 유루, 안검 경련, 안정피로, 안면신경마비, 현기증, 고혈압, 불면

족태양방광경 (Bladder Meridian, BL)|BL3 미충 (眉衝)|머리, 이마뼈패임(frontal notch)의 위 쪽, 前髮際(anterior hairline)에서 위 쪽으로 0.5寸.
|神庭(GV24)을 지나는 수평선과 攢竹(BL2)을 지나는 수직선이 만나는 곳에서 취혈한다. 神庭(GV24)과 曲差(BL4) 사이의 중간에 위치한다.
|- 直刺 0.2～0.3寸
- 斜刺 0.3～0.5寸 (鍼尖을 上方 혹은 外方으로 향하고 피부를 沿하여 橫刺)
|두통, 비색, 현운, 전간

족태양방광경 (Bladder Meridian, BL)|BL4 곡차 (曲差)|머리, 前髮際(anterior hairline)에서 위쪽으로 0.5寸, 앞정중선(anterior median line)에서 가쪽으로 1.5寸.
|神庭(GV24)과 頭維(ST8)를 연결하는 활모양의 가상선에서 안쪽으로부터 1/3, 가 쪽으로부터 2/3가 되는 지점에서 취혈한다.
|- 直刺 0.2～0.3寸
- 斜刺(橫刺) 0.3～0.5寸
|두통, 비색, 눈병, 고혈압

족태양방광경 (Bladder Meridian, BL)|BL5 오처 (五處)|머리, 前髮際(anterior hairline)에서 위쪽으로 1寸, 앞정중선(anterior median line)에서 가쪽으로 1.5寸.
|없음|- 直刺 0.2～0.3寸
- 斜刺 0.3～0.5寸
- 橫刺時는 鍼尖을 向上 혹은 向下하여 皮下를 沿하여 0.3～0.5寸 刺入
|두통, 현운, 비염, 전간, 안정피로

족태양방광경 (Bladder Meridian, BL)|BL6 승광 (承光)|머리, 前髮際(anterior hairline)에서 위로 2.5寸, 앞정중선(anterior median line)에서 가쪽으로 1.5寸.
|없음
|- 直刺 0.2～0.3寸
- 斜刺 0.3～0.5寸 (沿皮刺)
|두통, 비색, 현운, 시력감퇴

족태양방광경 (Bladder Meridian, BL)|BL7 통천 (通天)|머리, 前髮際(anterior hairline)에서 위쪽으로 5.5寸, 앞정중선(anterior median line)에서 가쪽으로 1.5寸
|없음
|- 直刺 0.2～0.3寸
- 斜刺 0.3～0.5寸 (沿皮刺)
|비색, 콧물과다, 두운, 항강, 구괘, 취각감퇴, 코피, 안면신경마비

족태양방광경 (Bladder Meridian, BL)|BL9 옥침 (玉枕)|머리, 바깥뒤통수뼈융기(external occipital protuberance) 위모서리와 같은 높이, 뒤 정중선(posterior median line)에서 가쪽으로 1.3寸.
|등세모근(trapezius muscle) 가쪽모서리를 지나는 수직선과 바깥뒤통수뼈융기 위모서리를 지나는 수평선이 만나는 지점에서 취혈한다.
|- 直刺 0.2～0.3寸
- 斜刺 0.3～0.5寸 (下로 향하고 피부를 沿하여 刺入)
|두통, 현운, 근시, 사경, 갱년기장애, 불면증, 이명

족태양방광경 (Bladder Meridian, BL)|BL10 천주 (天柱)|목 뒤부위, 둘째 목뼈 가시돌기(spinous process of the 2nd cervical vertebra) 위모서리와 같은 높이, 등세모근(trapezius muscle) 가쪽모서리 오목한 곳.
|없음
|- 直刺 0.3～0.5寸
- 斜刺 0.5～1寸
|두운, 두통, 항강통, 인후염, 신경쇠약, 고혈압, 낙침, 차멀미

족태양방광경 (Bladder Meridian, BL)|BL11 대저 (大杼)|위쪽 등부위, 첫째 등뼈 가시돌기(spinous process of the 1st thoracic vertebra) 아래모서리와 같은 높이, 뒤정중선(posterior median line)에서 가쪽으로 1.5寸.
|陶道(GV13)와 肩外兪(SI14) 사이의 중점에서 취혈한다.
|- 直刺 0.3～0.5寸
- 斜刺 0.5～1寸 (斜下方 또는 椎體 方向)
|기관지염, 폐질환, 감기, 늑막염, 관절염, 두통, 현훈, 견배통, 전간, 항강, 척추염, 요배통

족태양방광경 (Bladder Meridian, BL)|BL12 풍문 (風門)|위쪽 등부위, 둘째 등뼈 가시돌기(spinous process of the 2nd thoracic vertebra) 아래모서리와 같은 높이,뒤정중선(posterior median line)에서 가쪽으로 1.5寸.
|附分(BL41)과 둘째 등뼈 가시돌기 아래모서리 사이의 중점에서 취혈한다.
|- 直刺 0.3～0.5寸
- 斜刺 0.5～1寸 (약간 비스듬히 척추를 향해)
|감기, 기관지염, 해수, 폐렴, 천식, 흉막염, 담마진, 견배통, 두통, 경항통, 상기증

족태양방광경 (Bladder Meridian, BL)|BL13 폐수 (肺兪)|위쪽 등부위, 셋째 등뼈 가시돌기(spinous process of the 3rd thoracic vertebra) 아래모서리와 같은 높이, 뒤정중선(posterior median line)에서 가쪽으로 1.5寸.
|身柱(GV12)와 魄戶(BL42) 사이의 중점에서 취혈한다
|- 直刺 0.3～0.5寸
- 斜刺 0.5～1寸 (脊椎를 향해 上方 30°이나 下斜方으로)
|폐결핵, 폐렴, 기관지염, 천식, 자한, 도한, 편도선염, 갑상선비대, 해수, 흉막염, 소아구배, 감기

족태양방광경 (Bladder Meridian, BL)|BL14 궐음수 (厥陰兪)|위쪽 등부위, 넷째 등뼈 가시돌기 (spinous process of the 4th thoracic vertebra) 아래모서리와 같은 높이, 뒤정중선(posterior median line)에서 가쪽으로 1.5寸.
|膏肓(BL43)과 넷째 등뼈 가시돌기 아래모서리 사이의 중점에서 취혈한다.
|- 直刺 0.3～0.5寸
- 斜刺 0.5～1寸 (척추를 향해 30° 上方이나 下斜方으로)
|심장질환, 호흡기질환, 늑간신경통, 해수, 구토, 치통, 신경쇠약, 울화병

족태양방광경 (Bladder Meridian, BL)|BL15 심수 (心兪)|위쪽 등부위, 다섯째등뼈가시돌기 (spinous process of the 5th thoracic vertebra) 아래모서리와 같은 높이, 뒤정중선(posterior median line)에서 가쪽으로 1.5寸.
|神道(GV11)와 神堂(BL44) 사이의 중점에서 취혈한다.
|- 直刺 0.3～0.5寸
- 斜刺 1.5寸 (척추를 향해 30°上方이나 斜下方으로)
- 橫刺하여 위에서 아래로 筋層을 뚫고 1～2寸 透刺
|심장병일체, 신경쇠약, 늑간신경통, 구토, 고혈압, 간질, 정신병, 불안, 상기증, 부정맥, 뇌일혈, 갑상선질환, 울화병, 히스테리

족태양방광경 (Bladder Meridian, BL)|BL16 독수 (督兪)|위쪽 등부위, 여섯째 등뼈 가시돌기 (spinous process of the 6th thoracic vertebra) 아래모서리와 같은 높이, 뒤정중선(posterior median line)에서 가쪽으로 1.5寸.
|靈臺(GV10)와 噫嘻(BL45) 사이의 중점에서 취혈한다.
|- 直刺 0.3～0.5寸
- 斜刺 0.5～1寸 (척추를 향해 30°上方이나 斜下方으로)
- 橫刺하여 위에서 아래로 筋層을 뚫고 1～2寸 透刺
|심내막염, 횡경막경련, 복통, 장명, 유선염, 탈모, 피부소양중, 건선, 해수

족태양방광경 (Bladder Meridian, BL)|BL17 격수 (膈兪)|위쪽 등부위, 일곱째 등뼈 가시돌기 (spinous process of the 7th thoracic vertebra) 아래모서리와 같은 높이, 뒤정중선(posterior median line)에서 가쪽으로 1.5寸.
|至陽(GV9)과 膈關(BL46) 사이의 중점에서 취혈한다.
|- 直刺 0.3～0.5寸
- 斜刺 0.5～1寸 (척추를 향해 30°上方이나 斜下方으로)
- 橫刺하여 위에서 아래로 筋層을 뚫고 1～2寸 透刺
|빈혈, 만성출혈성질환, 횡경막경련, 늑막염, 구토, 천식, 위암, 식도협착, 만성위장병, 심장질환, 담마진, 히스테리

족태양방광경 (Bladder Meridian, BL)|BL18 간수 (肝兪)|위쪽 등부위, 아홉째 등뼈 가시돌기 (spinous process of the 9th thoracic vertebra) 아래모서리와 같은 높이, 뒤정중선(posterior median line)에서 가쪽으로 1.5寸.
|筋縮(GV8)과 魂門(BL47) 사이의 중점에서 취혈한다.
|- 直刺 0.3～0.5寸
- 斜刺 0.5～1寸 (척추를 향해 30°上方이나 斜下方으로)
- 橫刺하여 위에서 아래로 筋層을 뚫고 1～2寸 透刺
|간, 담질환, 안질환, 위장질환, 담석통, 황달, 협늑통, 반신블수, 소아마비, 불면증, 신경쇠약, 요통, 늑간신경통, 전근

족태양방광경 (Bladder Meridian, BL)|BL19 담수 (膽兪)|위쪽 등부위, 열째 등뼈 가시돌기 (spinous process of the 10th thoracic vertebra) 아래모서리와 같은 높이, 뒤정중선(posterior median line)에서 가쪽으로 1.5寸.
|中樞(GV7)와 陽綱(BL48) 사이의 중점에서 취혈한다.
|- 直刺 0.3～0.5寸
- 斜刺 0.3～1寸 (척추를 향해 30°上方이나 斜下方으로)
- 橫刺하여 위에서 아래로 筋層을 뚫고 1～2寸 透刺
|간장질환, 담낭염, 담석증, 담석통, 늑막염, 황달, 흉협통, 좌골신경통, 늑간신경통, 편두통, 위염, 구고오한발열

족태양방광경 (Bladder Meridian, BL)|BL20 비수 (脾兪)|위쪽 등부위, 열두째 등뼈 가시돌기 (spinous process of the 12th thoracic vertebra) 아래모서리와 같은 높이, 뒤정중선(posterior median line)에서 가쪽으로 1.5寸.
|胃倉(BL50)과 열두째 등뼈 가시돌기 아래모서리 사이의 중점에서 취혈한다.
|- 直刺 0.3～0.5寸
- 斜刺 0.5～1寸 (척추를 향해 30°上方이나 斜下方으로)
- 橫刺하여 위에서 아래로 筋層을 뚫고 1～2寸 透刺
|위염, 위하수, 위궤양, 구토, 소화불량, 당뇨병, 간염, 황달, 부종, 만성출혈성질환, 빈혈, 건망증, 사지무력, 자궁하수, 담마진

족태양방광경 (Bladder Meridian, BL)|BL22 삼초수 (三焦兪)|허리부위, 첫째 허리뼈 가시돌기 (spinous process of the 1st lumbar vertebra) 아래모서리와 같은 높이, 뒤정중선(posterior median line)에서 가쪽으로 1.5寸.
|懸樞(GV5)와 肓門(BL51) 사이의 중점에서 취혈한다.
|- 直刺 0.3～0.5寸
- 斜刺 0.5～1寸 (척추를 향해 30°上方이나 斜下方으로)
- 橫刺하여 위에서 아래로 筋層을 뚫고 1～2寸 透刺
|위장염, 신염, 복수, 소화불량, 구토, 복명, 요통, 신경쇠약, 유뇨

족태양방광경 (Bladder Meridian, BL)|BL23 신수 (腎兪)|허리부위, 둘째 허리뼈 가시돌기 (spinous process of the 2nd lumbar vertebra) 아래모서리와 같은 높이, 뒤정중선(posterior median line)에서 가쪽으로 1.5寸.
|命門(GV4)과 志室(BL52) 사이의 중점에서 취혈한다.
|- 直刺 0.3～1寸
- 斜刺 0.5～1寸 (척추를 향해 30°上方이나 斜下方으로)
- 橫刺하여 위에서 아래로 筋層을 뚫고 1～2寸 透刺
|신장질환, 방광질환, 유정, 음위, 월경불순, 불임증, 정력감퇴, 자궁출혈, 불감증, 기관지천식, 당뇨병, 이명, 난청, 탈모, 빈혈, 수종, 골관절 질환, 족냉, 슬냉, 요통

족태양방광경 (Bladder Meridian, BL)|BL24 기해수 (氣海兪)|허리부위, 셋째 허리뼈 가시돌기 (spinous process of the 3rd lumbar vertebra) 아래모서리와 같은 높이, 뒤정중선(posterior median line)에서 가쪽으로 1.5寸.
|없음
|- 直刺 0.3～0.5寸
- 斜刺 0.5～1寸 (척추를 향해 30°上方이나 斜下方으로)
|요통, 월결불순, 자궁출혈, 치질, 하지마비, 설사, 심기울결

족태양방광경 (Bladder Meridian, BL)|BL25 대장수 (大腸兪)|허리부위, 넷째 허리뼈 가시돌기 (spinous process of the 4th lumbar vertebra) 아래모서리와 같은 높이, 뒤정중선(posterior median line)에서 가쪽으로 1.5寸.
|없음
|- 直刺 0.5～1寸
- 1～2寸 (坐骨神經痛 치료시는 약간 外斜方으로)
- 薦腸關節炎에는 鍼尖을 下向하여 小腸兪(BL27)로 透刺
|하지신경통, 요배통, 대장질환, 설사, 변비, 복명, 두드러기

족태양방광경 (Bladder Meridian, BL)|BL26 관원수 (關元兪)|허리부위, 다섯째 허리뼈 가시돌기 (spinous process of the 5th lumbar vertebra) 아래모서리와 같은 높이, 뒤정중선(posterior median line)에서 가쪽으로 1.5寸.
|없음
|- 直刺 0.5～1寸
- 斜刺 1～2寸
|만성장염, 요통, 당뇨병, 방광염, 성욕감퇴, 대하, 빈혈, 유뇨

족태양방광경 (Bladder Meridian, BL)|BL27 소장수 (小腸兪)|엉치부위, 첫째 뒤엉치뼈구멍(the 1st posterior sacral foramen)과 같은 높이, 정중엉치뼈능선(median sacral crest)에서 가쪽으로 1.5寸.
|없음
|- 直刺 0.5～1寸
- 斜刺 1～1.5寸 (薦腸關節尖이나 여자 생식기질환 치료시는 1～2寸)
|장염, 비뇨기질환,하리, 변비, 자궁내막염, 유정, 유뇨증, 구건, 치질, 혈뇨, 류머티스관절염, 천장관절질환

족태양방광경 (Bladder Meridian, BL)|BL28 방광수 (膀胱兪)|엉치부위, 둘째 뒤엉치뼈구멍(the 2nd posterior sacral foramen)과 같은 높이, 정중엉치뼈능선(median sacral crest)에서 가쪽으로 1.5寸.
|없음
|- 直刺 0.5～1寸
- 斜刺 1～1.5寸
|비뇨, 생식기질환, 좌골신경통, 요천부통, 설사, 변비

족태양방광경 (Bladder Meridian, BL)|BL29 중려수 (中膂兪)|엉치부위, 셋째 뒤엉치뼈구멍(the 3rd posterior sacral foramen)과 같은 높이, 정중엉치뼈능선(median sacral crest)에서 가쪽으로 1.5寸.
|없음
|- 直刺 0.5～1寸
- 斜刺 0.7～1寸
|장염, 좌골신경통, 요천통, 불임, 자궁허냉, 당뇨병, 방광염, 장출혈

족태양방광경 (Bladder Meridian, BL)|BL30 백환수 (白環兪)|엉치부위, 넷째 뒤엉치뼈구멍(the 4th posterior sacral foramen)과 같은 높이, 정중엉치뼈능선(median sacral crest)에서 가쪽으로 1.5寸.
|없음
|- 直刺 0.5～1寸
- 斜刺 0.7～1寸
|좌골신경통,요천통, 요통, 자궁내막염, 유정, 대하, 항문질환, 하지마비, 대소변불리

족태양방광경 (Bladder Meridian, BL)|BL31 상료 (上髎)|엉치부위, 첫째 뒤엉치뼈구멍(the 1st posterior sacral foramen).
|첫째 뒤엉치뼈구멍은 손가락을 次髎(BL32)에서부터 위쪽으로 움직이면서 찾으면 오목하게 만져진다.
|- 直刺 0.5～1.2寸 (刺入仙骨後孔內)
|요천통, 좌골신경통, 요통, 월병불순, 대하, 생리통, 자궁내막염, 고환염, 하지마비, 야뇨증, 슬냉통

족태양방광경 (Bladder Meridian, BL)|BL32 차료 (次髎)|엉치부위, 둘째 뒤엉치뼈구멍(the 2nd posterior sacral foramen).
|둘째 뒤엉치뼈구멍은 위뒤엉덩뼈가시(posterior superior iliac spine)와 둘째 엉치뼈 가시돌기(spinous process of the 2nd sacral vertebra)를 연결하는 선의 중점, 오목한 곳에서 촉지된다.
|- 直刺 0.5～1寸 (刺入仙骨後孔內)
|치질, 방광염, 자궁내막염, 하지마비, 대하, 족냥, 월경불순, 요통, 양기부족

족태양방광경 (Bladder Meridian, BL)|BL33 중료 (中髎)|엉치부위, 셋째 뒤엉치뼈구멍(the 3rd posterior sacral foramen).
|셋째 뒤엉치뼈구멍은 손가락을 次髎(BL32)에서부터 아래쪽으로 움직이면서 찾으면 처음으로 촉지되는 오목한 곳이다.
|- 直刺 0.5～1寸 (刺入仙骨後孔內)
|치질, 방광염, 이급후증, 양기부족, 대소변불리, 월경불순, 대하, 습진

족태양방광경 (Bladder Meridian, BL)|BL34 하료 (下髎)|엉치부위, 넷째 뒤엉치뼈구멍(the 4th posterior sacral foramen).
|넷째 뒤엉치뼈구멍은 손가락을 次髎(BL32)에서부터 아래쪽으로 움직이면서 찾으면 두 번째로 만져지는 오목한 곳으로, 엉치뼈틈새(sacral hiatus)와 같은 높이에 위치한다.
|- 直刺 0.5～1寸 (刺入仙骨後孔內)
|생식기, 비뇨기, 직장, 항문질환, 요통, 피부염, 습진, 아토피성피부염, 피부소양증, 회음부통, 양기부족

족태양방광경 (Bladder Meridian, BL)|BL35 회양 (會陽)|엉덩이부위, 꼬리뼈끝(extremity of the coccyx)에서 가쪽으로 0.5寸.
|엎드린 자세나 무릎을 가슴에 댄 자세를 한다. 꼬리뼈끝에서 가쪽으로 약간 오목한 곳에서 취혈한다.
|- 直刺 0.3～0.8寸
|생리통, 대하, 음위, 설사, 치질, 혈변, 낭습, 산후통으로 다리 쑤실 때

족태양방광경 (Bladder Meridian, BL)|BL36 승부 (承扶)|엉덩이부위, 엉덩이 주름(gluteal fold)의 중점.
|없음
|- 直刺 0.5～1.5寸
|요배통, 좌골 신경통, 대소변불리, 하지마비, 치질

족태양방광경 (Bladder Meridian, BL)|BL37 은문 (殷門)|넓적다리 뒤쪽면, 넙다리두갈래근(biceps femoris muscle)과 반힘줄모양근(semitendinosus muscle)의 사이,
엉덩이주름(gluteal fold)에서 아래쪽으로 6寸.
|承扶(BL36)와 委中(BL40)을 연결하는 선의 중점에서 위쪽으로 1寸 지점에서 취혈한다.
|- 直刺 0.5～1.5寸
- 斜刺 1～2寸
|요배통, 추간판탈출증, 좌골신경통, 후두통, 하지마비, 하지탄탄

족태양방광경 (Bladder Meridian, BL)|BL38 부극 (浮郄)|무릎 뒤쪽면, 넙다리두갈래근힘줄(biceps femoris tendon)의 안쪽모서리 바로 안쪽, 오금주름(popliteal crease)에서 위쪽으로 1寸
|무릎을 살짝 굽혔을 때, 넙다리두갈래근힘줄의 안쪽, 委陽(BL39)에서 몸쪽으로 1寸에서 취혈한다.
|- 直刺 0.5～1寸
- 斜刺 1～2寸
|방광엽, 급체, 슬관절염, 비복근경련, 변비

족태양방광경 (Bladder Meridian, BL)|BL39 위양 (委陽)|무릎 뒤가쪽면, 오금주름(popliteal crease) 위에 있으며, 무릎을 살짝 굽혔을 때 현저하게 드러나는 넙다리두갈래근힘줄(biceps femoris tendon)의 안쪽모서리 바로 안쪽에서 취혈함.
|없음
|- 直刺 0.3～1寸
- 斜刺 1～2寸
|요통, 비복근경련, 신염, 방광염, 변형성슬관절통

족태양방광경 (Bladder Meridian, BL)|BL40 위중 (委中)|무릎 뒤쪽면, 오금주름(popliteal crease)의 가운데 위치하며, 넙다리두갈래근힘줄(biceps femoris tendon)과 반힘줄모양근힘줄(semitendinosus tendon) 사이의 오금주름 중점에서 취혈한다.
|없음
|- 直刺 0.6～1.5寸
- 急性腰部 捻挫時에는 三稜鍼으로 點刺出血
|슬관절염, 좌골신경통, 급만성요통, 반신불수, 류마치스관절, 하지신경통, 비복근경련, 고혈압, 뇌졸증

족태양방광경 (Bladder Meridian, BL)|BL41 부분 (附分)|위쪽 등부위, 둘째 등뼈 가시돌기(spinous process of the 2nd thoracic vertebra) 아래모서리와 같은 높이, 뒤정중선(posterior median line)에서 가쪽으로 3寸.
|없음
|- 直刺 0.3～0.5寸
- 斜刺 0.5～0.8寸 (下斜方)
|견,항,배부의 통증, 주비 마목, 항강통

족태양방광경 (Bladder Meridian, BL)|BL42 백호 (魄戶)|위쪽 등부위, 셋째 등뼈 가시돌기 (spinous process of the 3rd thoracic vertebra) 아래모서리와 같은 높이, 뒤정중선(posterior median line)에서 가쪽으로 3寸.
|없음
|- 直刺 0.3～0.5寸
- 斜刺 0.5～1寸 (下斜方)
|기관지염, 천식, 흉막염, 폐결핵, 견배통, 항강통

족태양방광경 (Bladder Meridian, BL)|BL43 고황 (膏肓)|위쪽 등부위, 넷째 등뼈 가시돌기 (spinous process of the 4th thoracic vertebra) 아래모서리와 같은 높이, 뒤정중선(posterior median line)에서 가쪽으로 3寸.
|없음
|- 直刺 0.3～0.5寸
- 斜刺 0.3～0.8寸 (背側에서 前外傍을 향하거나 肩胛骨下를 향해 자입)
- 不宜深刺
|기관지염, 효천, 흉막염, 비위허약, 유정, 건망증, 견배통, 협심증, 수족냉통

족태양방광경 (Bladder Meridian, BL)|BL44 신당 (神堂)|위쪽 등부위, 다섯째 등뼈 가시돌기 (spinous process of the 5th thoracic vertebra) 아래모서리와 같은 높이, 뒤정중선(posterior median line)에서 가쪽으로 3寸.
|없음
|- 直刺 0.3～0.5寸
- 斜刺 0.5～0.8寸 (向外斜刺)
|기관지염, 천식, 늑간신경통, 심장질환, 견배통

족태양방광경 (Bladder Meridian, BL)|BL45 의희 (譩譆)|위쪽 등부위, 여섯째 등뼈 가시돌기 (spinous process of the 6th thoracic vertebra) 아래모서리와 같은 높이, 뒤정중선(posterior median line)에서 가쪽으로 3寸.
|없음
|- 直刺 0.3～0.5寸
- 斜刺 0.5～1寸 (向外斜刺)
|심장질환, 천식, 학질, 늑가신경통, 딸꾹질

족태양방광경 (Bladder Meridian, BL)|BL46 격관 (膈關)|위쪽 등부위, 일곱째 등뼈 가시돌기(spinous process of the 7th thoracic vertebra) 아래모서리와 같은 높이, 뒤정중선(posterior median line)에서 가쪽으로 3寸.
|없음
|- 直刺 0.3～0.5寸
- 斜刺 0.5～0.8寸 (向下斜刺)
|척배통, 식불하, 위출형, 구토, 소변불리, 딸꾹질

족태양방광경 (Bladder Meridian, BL)|BL47 혼문 (魂門)|위쪽 등부위, 아홉째 등뼈 가시돌기 (spinous process of the 9th thoracic vertebra) 아래모서리와 같은 높이, 뒤
정중선(posterior median line)에서 가쪽으로 3寸.
|없음
|- 直刺 0.3～0.5寸
- 斜刺 0.5～1寸 (向下斜刺)
|신경쇠약, 간,담질환, 흉막염, 위장병, 흉배통, 변비, 식불하, 소변황

족태양방광경 (Bladder Meridian, BL)|BL48 양강 (陽綱)|위쪽 등부위, 열째 등뼈 가시돌기 (spinous process of the 10th thoracic vertebra) 아래모서리와 같은 높이, 뒤정중선(posterior median line)에서 가쪽으로 3寸.
|없음
|- 直刺 0.3～0.5寸
- 斜刺 0.5～1寸 (向下斜刺)
|간염, 담낭염, 담석증, 위염, 복명, 황달, 설사, 소변적삽

족태양방광경 (Bladder Meridian, BL)|BL49 의사 (意舍)|위쪽 등부위, 열한째 등뼈 가시돌기 (spinous process of the 11th thoracic vertebra) 아래모서리와 같은 높이, 뒤
정중선(posterior median line)에서 가쪽으로 3寸.
|없음
|- 直刺 0.3～0.5寸
- 斜刺 0.5～1寸 (向下斜刺)
|위경련, 급.만서위장염, 복만, 구토, 당뇨병, 설사, 목황, 소변적황, 사지무력

족태양방광경 (Bladder Meridian, BL)|BL50 위창 (胃倉)|위쪽 등부위, 열두째 등뼈 가시돌기 (spinous process of the 12th thoracic vertebra) 아래모서리와 같은 높이, 뒤
정중선(posterior median line)에서 가쪽으로 3寸.
|없음|- 直刺 0.3～0.6寸
- 斜刺 0.5～1寸 (向下斜刺)
|위경련, 위염, 복통, 식불하, 수종, 담석통, 당뇨병, 척배통

족태양방광경 (Bladder Meridian, BL)|BL51 황문 (肓門)|허리부위, 첫째 허리뼈 가시돌기 (spinous process of the 1st lumbar vertebra) 아래모서리와 같은 높이, 뒤정중선(posterior median line)에서 가쪽으로 3寸.
|없음
|- 直刺 0.3～0.6寸
- 斜刺 1～1.5寸
- 內部에 腎臟이 있으므로 禁深刺
|심하통, 유선염, 상복통 위염, 십이지장궤양, 변비, 요통

족태양방광경 (Bladder Meridian, BL)|BL52 지실 (志室)|허리부위, 둘째 허리뼈 가시돌기 (spinous process of the 2nd lumbar vertebra) 아래모서리와 같은 높이, 뒤정중선(posterior median line)에서 가쪽으로 3寸.
|없음
|- 直刺 0.5～1寸 (禁深刺)
- 斜刺 1～2寸
|신염, 요통, 유정, 움위, 구역, 전립선염, 낭습, 소변불리, 수종, 소화불량

족태양방광경 (Bladder Meridian, BL)|BL53 포황 (胞肓)|엉덩이부위, 둘째 뒤엉치뼈구멍(the 2nd posterior sacral foramen)과 같은 높이, 정중엉치뼈능선(median sacral crest)에서 가쪽으로 3寸.
|없음
|- 直刺 0.5～1.5寸
- 斜刺 1～2寸
|요통, 복명, 복통, 좌골신경통, 요도염, 요로결석, 대소변불리, 전립선비대증, 충수염, 부인병

족태양방광경 (Bladder Meridian, BL)|BL54 질변 (秩邊)|엉덩이부위, 넷째 뒤엉치뼈구멍(the 4th posterior sacral foramen)과 같은 높이, 뒤정중선(posterior median line)에서 가쪽으로 3寸.
|엎드린 자세에서, 엉치뼈틈새(sacral hiatus)에서 가쪽으로 3寸에서 취혈한다.
|- 直刺 0.5～1.5寸
- 斜刺 2～3寸
- 생식기질환 치료시는 내측을 향해 45°의 각도로 2～3寸 刺入
- 肛門疾患 치료시는 內下方으로 약 45°의 각도로 2～3寸 刺入
|좌골신경통, 하지마비, 항문 생식기질환, 치질, 요천통, 소변불리

족태양방광경 (Bladder Meridian, BL)|BL55 합양 (合陽)|종아리 뒤쪽면, 장딴지근(gastrocnemius muscle) 가쪽갈래와 안쪽갈래의 사이에 위치하며, 오금주름(popliteal crease)에서 먼 쪽으로 2寸에 위치함.
|오금주름의 가쪽 끝과 가쪽 복사융기를 이은 선을 (또는 오금주름 중점과 委中(BL40)과 아킬레스건 중점을 연결하는 선을) 16촌으로 하여, 委中(BL40)에서 먼 쪽으로 2寸 부위에 취혈한다.
|- 0.5～1寸 直刺
- 斜刺 1～2寸
|좌골신경통, 하지산통, 산통, 붕루, 배뇨곤란, 소변황

족태양방광경 (Bladder Meridian, BL)|BL56 승근 (承筋)|종아리 뒤쪽면, 장딴지근(gastrocnemius muscle) 가쪽갈래와 안쪽갈래의 사이에 위치하며, 오금주름(popliteal crease)에서 먼 쪽으로 5寸에 위치함.
|오금주름의 가쪽 끝과 가쪽 복사 융기를 이은 선을 (또는 오금주름 중점, 委中(BL40)과 발꿈치힘줄의 중점을 연결하는 선을) 16촌으로 하여, 委中(BL40)에서 먼 쪽으로 5寸 부위(장딴지근 힘살의 중앙)에 취혈한다.
|- 0.3～1寸 直刺
-「鍼灸大成」에는 禁鍼으로 되어있으니 신중히 자침.
|비복경련, 요배강통, 하퇴통, 하지마비, 치질, 변비, 두통, 코피, 족근통

족태양방광경 (Bladder Meridian, BL)|BL57 승산 (承山)|종아리 뒤쪽면, 장딴지근(gastrocnemius muscle)의 두 힘살들과 종아리 뒤쪽면, 장딴지근(gastrocnemius muscle) 가쪽갈래와 안쪽갈래 두 힘살들과 발꿈치힘줄(calcaneal tendon)이 연결되는 오목한 곳에 위치하며, 오금주름(popliteal crease)의 委中(BL40)과 발꿈치힘줄의 중점을 연결하는 선을 16촌으로 하여, 위중에서 먼 쪽으로 8寸 부위에 위치함.
|종아리를 쭉 펴거나 발꿈치를 위로 들 때, 장딴지근의 힘살 아래에 나타나는 예리한 각도의 오목한 곳, 즉 장딴지근의 안쪽 갈래와 가쪽 갈래가 “人”자 모양으로 갈라지는 곳에서 취혈한다.
|- 0.5～1.5寸 直刺
- 斜刺 1～2寸
|요통, 좌골신경통, 반신불수, 전근, 치질, 탈항, 변비, 족근통

족태양방광경 (Bladder Meridian, BL)|BL58 비양 (飛揚)|종아리 뒤가쪽면, 장딴지근(gastrocnemius m.) 가쪽갈래의 아래모서리와 발꿈치힘줄(calcaneal tendon)의 사이로서, 承山(BL57)에서 가먼쪽 1寸 부위에 해당됨.
|오금주름 가쪽 끝과 곤륜崑崙을 16촌으로 정할 때, 崑崙(BL60)에서 몸 쪽으로 7寸 부위에 취혈한다
|- 0.5～1.2寸 直刺
- 斜刺 1～2寸
|풍습성관절염, 신염, 방광염, 요퇴통, 두통, 치질, 현기증

족태양방광경 (Bladder Meridian, BL)|BL59 부양 (跗陽)|종아리 뒤가쪽면, 종아리뼈(fibula)와 발꿈치힘줄(calcaneal tendon)의 사이에 있으며, 오금주름 가쪽 끝과 곤륜 사이를 16촌으로 정할 때, 崑崙(BL60)에서 몸 쪽으로 3寸 부위에 취혈한다.
|없음
|- 0.3～1寸 直刺
- 斜刺 1～2寸
|두통, 요통, 하지통, 하지마비, 류머티스

족태양방광경 (Bladder Meridian, BL)|BL60 곤륜 (崑崙)|발목 뒤가쪽면, 가쪽복사 융기(prominence of the lateral malleolus)와 발꿈치힘줄(calcaneal tendon) 사이의 오목한 곳에 해당됨.
|발의 가쪽복사뼈 꼭대기에서 발꿈치힘줄까지 수평하게 그은 연결선 중점에서 취혈한다.
|- 0.3～0.5寸 直刺
- 下肢麻痺 치료시 鍼尖을 太谿(KI3)를 향해 1～1.5寸 透刺
- 임신부에는 자침을 금하는 자리이니 신중을 기해야 함.
|두통, 현훈, 코피, 염좌, 좌골신경통, 요배통, 항강통, 족관절염, 족근통, 방광염, 하지운동마비, 난산

족태양방광경 (Bladder Meridian, BL)|BL61 복삼 (僕參)|발 가쪽면, 발꿈치뼈(calcaneus)의 가쪽으로, 崑崙(BL60)에서 먼 쪽, 赤白肉際에 취혈함.
|없음
|- 0.3～0.5寸 直刺 혹은 斜刺를 함.
|요통, 족근통, 하지마비, 각기, 아킬래스 건염, 하지무력, 치조농루, 전근 , 악성결막염

족태양방광경 (Bladder Meridian, BL)|BL62 신맥 (申脈)|발 가쪽면, 가쪽복사 융기(prominence of the lateral malleolus)에서 수직으로 아래쪽, 가쪽복사의 아래모서리와 발꿈치뼈(calcaneus) 사이의 오목한 곳.
※주 : 申脈(BL62)에 상응하는 안쪽의 經穴은 照海(KI6)다.
|가쪽복사 아래모서리의 먼쪽 오목한 곳에서 취혈한다.
|- 直刺 0.2～0.4寸
- 斜刺 0.3～0.5寸 (鍼尖을 下向하여 刺入)
|두통, 내이성현훈, 이명, 뇌척수막염, 정신분열증, 반신불수, 족관절염, 요퇴통, 구안괘사, 심계항진, 중풍불어

족태양방광경 (Bladder Meridian, BL)|BL63 금문 (金門)|발등, 가쪽복사(lateral malleolus) 앞모서리에서 먼 쪽, 다섯째 발허리뼈거친면(tuberosity of the 5th metatarsal bone) 뒤쪽, 입방뼈(cuboid bone) 아래쪽의 오목한 곳.
|다섯째 발허리뼈거친면은 대개 발꿈치(heel)와 다섯째 발허리발가락관절(the 5th metatarsophalangeal joint)을 연결하는 선 중간에 위치한다.
|- 直刺 0.3～0.5寸
- 斜刺 0.5～0.7寸
|요퇴통, 전간, 곽란, 전간, 슬통, 외과통, 현운, 하지마비, 구안쾌사(방광경으로 인한)

족태양방광경 (Bladder Meridian, BL)|BL64 경골 (京骨)|발 가쪽면, 다섯째 발허리뼈거친면(tuberosity of the 5th metatarsal bone) 먼 쪽, 赤白肉際.
|다섯째 발허리뼈거친면은 대개 발꿈치(heel)와 다섯째 발허리발가락관절(the 5th metatarsophalangeal joint)을 연결하는 선 중간에 위치한다.
|- 直刺 0.3～0.5寸
- 斜刺 0.3～0.5寸 (向內下方)
|두통, 견응증, 뇨페, 뇨빈삭, 전간, 요퇴통, 족통,코피, 눈충혈, 현기증, 족관절염좌, 근경련

족태양방광경 (Bladder Meridian, BL)|BL65 속골 (束骨)|발 가쪽면, 다섯째 발허리발가락관절(the 5th metatarsophalangeal joint) 몸 쪽 오목한 곳, 赤白肉際.
|없음
|- 直刺 0.2～0.3寸
- 斜刺 0.3～0.5寸
|두정통, 학질, 눈충혈, 정신병, 난청, 항강통, 요통

족태양방광경 (Bladder Meridian, BL)|BL66 족통곡 (足通谷)|새끼발가락, 다섯째 발허리발가락관절(the 5th metatarsophalangeal joint) 가먼쪽(distal and lateral) 오목한 곳, 赤白肉際.
|없음
|- 直刺 0.2～0.3寸
- 斜刺 0.3～0.5寸
|긴장성두통, 목현, 천식, 코피, 정신병, 고혈압, 흉만, 항강통, 변비, 무통분만(뜸)

족태양방광경 (Bladder Meridian, BL)|BL67 지음 (至陰)|새끼발가락, 끝마디뼈(distal phalanx)의 가쪽, 새끼발톱 가쪽 뿌리각(lateral corner of the toenail)에서 몸 쪽으로 0.1寸.
|새끼발톱의 가쪽모서리를 지나는 수직선과 발톱뿌리를 지나는 수평선이 만나는 지점에서 취혈한다.
|- 直刺 0.1～0.2寸
- 斜刺 0.2～0.3寸
|두통, 심하만, 태아위치이상, 난산, 족열, 콧물, 흉협통, 소변불리, 야뇨증, 유정, 변비, 설사, 견응증

족소음신경 (Kidney Meridian, KI)|KI1 용천 (湧泉)|발바닥 부위로서, 발가락을 굽혔을 때, 발바닥의 가장 오목한 곳에 해당됨.
|발가락을 굽혔을 때, 둘째와 셋째 발가락 (the 2nd and 3rd toes) 사이의 발샅 가장자리(web margin)와 발꿈치(heel)를 연결하는 선을 3등분 했을 때, 앞쪽 1/3지점의 오목한 곳에서 취혈한다.
|- 0.3～0.5寸 直刺
|혼수상태, 중풍, 족심열, 심계항진, 고혈압, 정신병,현훈, 두정통, 인후염, 설건, 시력장애, 코피, 하지탄탄, 설사, 수종, 황달, 지궁하수, 불임증, 해수, 배뇨곤란, 소아경풍

족소음신경 (Kidney Meridian, KI)|KI2 연곡 (然谷)|발 안쪽면, 발배뼈거친면(tuberosity of the navicular bone) 아래쪽, 赤白肉際에 해당됨.
|발안쪽복사의 앞아래 부위, 발배뼈 아래 오목한 곳에서 취혈한다.
|- 0.3～0.5寸 直刺
- 斜刺 0.5～1寸
|당뇨병, 심장병, 불임증, 음부소양증, 도한, 방광얌, 전립선비대, 유정, 음위, 월경불순, 인후얌, 족냉, 고혈압, 족심열

족소음신경 (Kidney Meridian, KI)|KI3 태계 (太谿)|발목 뒤안쪽면으로, 안쪽복사 융기(prominence of the medial malleolus)와 발꿈치힘줄(calcaneal tendon) 사이의 오목한 곳에 취혈함.
|없음
|- 0.3～0.5寸 直刺
- 斜刺 0.5～1寸
|신장염, 방광염, 사지냉, 심통, 만성인후염, 기관지염, 천식, 족저통, 족관절통, 하지탄탄, 생리불순, 유정, 음위, 유뇨, 이명, 중이염, 탈모, 당뇨병, 요통, 담마진, 불면

족소음신경 (Kidney Meridian, KI)|KI4 대종 (大鐘)|발 안쪽면에서, 안쪽 복사(medial malleolus)아래 뒤쪽, 발꿈치뼈(calcaneus)위쪽에 해당되며, 발꿈치힘줄(calcaneal tendon)안쪽 부착부의 앞쪽 오목한 곳에 취혈함.
|없음
|- 0.2～0.3寸 直刺
- 斜刺 0.3～0.5寸
|천식, 신경쇠약, 히스테리, 인두통, 족근통, 요통, 변비, 소변불리, 유뇨

족소음신경 (Kidney Meridian, KI)|KI5 수천 (水泉)|발 안쪽면으로, 太谿(KI3)에서 지면까지 3촌으로 정했을 때, 태계 아래쪽으로 1寸 부위, 발꿈치뼈융기(calcaneal tuberosity)앞쪽 오목한 곳에 취혈함.
|없음
|- 0.1～0.3寸 直刺
- 斜刺 0.3～0.5寸
|무월경, 자궁경련, 심하민통, 근시, 아킬래스건염, 족근통, 유뇨

족소음신경 (Kidney Meridian, KI)|KI6 조해 (照海)|발 안쪽면에 있으며, 안쪽복사 융기(prominence of the medial malleolus)에서 아래쪽으로 1寸, 안쪽복사 바로 아래 오목한 곳에 취혈함.
|없음
|- 0.3～0.5寸 直刺
- 斜刺 0.5～1寸
|인후염, 편도선염, 신경쇠약, 사지무력, 전간, 월경불순

족소음신경 (Kidney Meridian, KI)|KI7 부류 (復溜)|종아리 뒤 안쪽면, 발꿈치힘줄(calcaneal tendon)의 앞쪽이며, 태계에서 위쪽으로 2寸 부위에 해당됨.
|太谿(KI3)에서 음릉천과 연결한 선을 13촌으로 했을 때, 태계 바로 위쪽 2촌 부위이며, 交信(KI8)에서 0.5촌 뒤쪽에 취혈한다
|- 0.3～0.5寸 直刺
- 斜刺 1～1.5寸
|신염, 고환염, 기능성자궁출혈, 고창, 소변불리, 대하, 혈변, 충치, 고혈압, 정력감퇴, 눈피로, 이명, 현운, 요통, 도한, 불면

족소음신경 (Kidney Meridian, KI)|KI8 교신 (交信)|종아리 안쪽면, 정강뼈 안쪽모서리(medial border of the tibia)의 뒤쪽, 안쪽복사 융기(prominence of the medial malleolus) 와 음릉천을 연결한 선을 13촌으로 정하여 위쪽으로 2寸 오목한 곳에 해당됨.
|안쪽복사 융기(prominence of the medial malleolus) 위쪽 2촌 부위이며, 復溜(KI7)의 앞쪽 0.5寸 부위에 취혈한다.
|- 0.3～0.5寸 直刺
- 斜刺 0.5～1寸
|월경불순, 붕루, 대하, 이질, 변비, 하지내측통, 하복통

족소음신경 (Kidney Meridian, KI)|KI9 축빈 (築賓)|종아리 뒤안쪽면, 가자미근(soleus muscle)과 발꿈치힘줄(calcaneal tendon)사이로서, 안쪽복사 융기(prominence of the medial malleolus) 위쪽으로 5寸 높이에 해당됨.
|무릎을 굽히고, 발바닥쪽으로 발을 굽힌채 종아리를 뻗으면, 정강뼈 안쪽모서리(medial border of the tibia)를 따라 가자미근이 현저하게 드러나는 곳이며, 太谿(KI3)와 음릉천을 연결하는 선을 13촌으로 하여 태계 위 5촌 부위, 족궐음간경 蠡溝(LR5)와 같은 높이에서 취혈한다.
|- 0.3～0.8寸 直刺
- 斜刺 1～2寸
|신염, 방광염, 고환염, 자궁내막염, 산통, 해독혈, 비복근경련, 정신분열증, 어린이 태독

족소음신경 (Kidney Meridian, KI)|KI10 음곡 (陰谷)|무릎 뒤안쪽면, 오금주름 위로서, 반힘줄모양근힘줄과 반막모양근힘줄(semimembranosus tendon)의 사이에서 취혈한다.
|없음|- 0.5～1寸 直刺
- 斜刺 1～2寸
|슬관절염, 비뇨기, 생식기계질환

족소음신경 (Kidney Meridian, KI)|KI11 횡골 (橫骨)|아랫배, 배꼽(umbilicus) 중심에서 아래 쪽으로 5寸, 앞정중선(anterior median line)에서 가쪽으로 0.5寸.
|曲骨(CV2)에서 가쪽으로 0.5寸에서 취혈한다.
|- 直刺 0.5～0.8寸
- 斜刺 0.5～1寸
|산통, 방광염, 요도염, 전립선비대증, 유정, 양위, 자궁냉증

족소음신경 (Kidney Meridian, KI)|KI12 대혁 (大赫)|아랫배, 배꼽(umbilicus) 중심에서 아래쪽으로 4寸, 앞정중선(anterior median line)에서 가쪽으로 0.5寸.
|中極(CV3)에서 가쪽으로 0.5寸에서 취혈한다.
|없음
|음위, 조루, 유정, 대하, 여자 불감증, 불임, 생리통, 자궁근종

족소음신경 (Kidney Meridian, KI)|KI13 기혈 (氣穴)|아랫배, 배꼽(umbilicus) 중심에서 아래 쪽으로 3寸, 앞정중선(anterior median line)에서 가쪽으로 0.5寸.
|關元(CV4)에서 가쪽으로 0.5寸에서 취혈한다.
|- 直刺 0.5～1寸
- 斜刺 0.5～1寸
|월경불순, 대하, 불임증, 요로 감염증, 설사, 요배통, 요빈삭, 소변불통, 눈충혈

족소음신경 (Kidney Meridian, KI)|KI14 사만 (四滿)|아랫배, 배꼽(umbilicus) 중심에서 아래 쪽으로 2寸, 앞정중선(anterior median line)에서 가쪽으로 0.5寸.
|石門(CV5)에서 가쪽으로 0.5寸에서 취혈한다.
|- 直刺 0.5～1寸
- 斜刺 0.5～1寸
|월경불순, 대하, 불임증, 요로감염증, 설사, 적취, 하복통, 자궁출혈, 눈충혈

족소음신경 (Kidney Meridian, KI)|KI15 중주 (中注)|아랫배, 배꼽(umbilicus) 중심에서 아래 쪽으로 1寸, 앞정중선(anterior median line)에서 가쪽으로 0.5寸.
|陰交(CV7)에서 가쪽으로 0.5寸에서 취혈한다.
|- 直刺 0.5～1寸
- 斜刺 0.5～1寸
|월경불순, 요통, 변비, 설사, 복막염

족소음신경 (Kidney Meridian, KI)|KI16 황수 (肓兪)|윗배, 배꼽(umbilicus)의 중심에서 가쪽으로 0.5寸.
|神闕(CV8) 가쪽 0.5寸에서 취혈한다.
|- 直刺 0.5～1寸
- 斜刺 0.5～1寸
|황달, 위경련, 대소장병, 상습변비, 자궁병, 고환염, 신장염, 남자불임증, 하복냉통, 눈충혈, 딸꾹질, 만성하리

족소음신경 (Kidney Meridian, KI)|KI17 상곡 (商曲)|윗배, 배꼽(umbilicus)의 중심에서 위로 2寸, 앞정중선(anterior median line)에서 가쪽으로 0.5寸.
|下脘(CV10) 가쪽 0.5寸에서 취혈한다.
|- 直刺 0.5～1寸
- 斜刺 0.5～1寸
|상복통, 복창, 변비, 설사, 눈충혈, 입의 열감(설건)

족소음신경 (Kidney Meridian, KI)|KI18 석관 (石關)|윗배, 배꼽(umbilicus)의 중심에서 위쪽으로 3寸, 앞정중선(anterior median line)에서 가쪽으로 0.5寸.
|建里(CV11) 가쪽 0.5寸에서 취혈한다.
|- 直刺 0.5～1寸
- 斜刺 0.5～1寸
|상복통, 변비, 식도경련, 트름 황색소변,기면증

족소음신경 (Kidney Meridian, KI)|KI19 음도 (陰都)|윗배, 배꼽(umbilicus) 중심에서 위쪽으로 4寸, 앞정중선(anterior median line)에서 가쪽으로 0.5寸.
|中脘(CV12) 가쪽 0.5寸에서 취혈한다.
|- 直刺 0.5～1寸
- 斜刺 0.5～1寸
|폐기종, 천식, 구토, 황달, 기관지염, 위하수, 위암, 위궤양, 식도염, 복명, 변비

족소음신경 (Kidney Meridian, KI)|KI20 복통곡 (腹痛谷)|윗배, 배꼽(umbilicus) 중심에서 위쪽으로 5寸, 앞정중선(anterior median line)에서 가쪽으로 0.5寸.
|上脘(CV13) 가쪽 0.5寸에서 취혈한다.
|- 直刺 0.3～0.8寸
- 斜刺 0.5～1寸
|항강, 심계, 늑간신경통, 구토, 소화불량, 설사, 안면마비, 두통, 눈충혈, 복부 팽만감

족소음신경 (Kidney Meridian, KI)|KI21 유문 (幽門)|윗배, 배꼽(umbilicus) 중심에서 위쪽으로 6寸, 앞정중선(anterior median line)에서 가쪽으로 0.5寸.
|巨闕(CV14) 가쪽 0.5寸에서 취혈한다.
|- 直刺 0.3～0.7寸 (禁深刺)
- 斜刺 0.3～0.8寸
|위경련, 심하번민, 구토, 상복통, 멀미, 소화불량, 건망증, 식도염, 위암

족소음신경 (Kidney Meridian, KI)|KI22 보랑 (步廊)|앞가슴부위, 다섯째 갈비사이공간(the 5th intercostal space), 앞정중선(anterior median line)에서 가쪽으로 2寸.
|中庭(CV16)과 乳根(ST18)의 연결선 중점에서 취혈한다.
|- 直刺 0.2～0.3寸
- 斜刺 0.3～0.5寸
|늑간신경통, 협심증, 시근경색, 위염, 비색, 천식, 기침, 식욕부진, 간염

족소음신경 (Kidney Meridian, KI)|KI23 신봉 (神封)|앞가슴부위, 넷째 갈비사이공간(the 4th intercostal space), 앞정중선(anterior median line)에서 가쪽으로 2寸.
|남자는 乳頭와 膻中(CV17)의 연결선 중점에서 취혈한다
|- 直刺 0.2～0.4寸
- 斜刺 0.3～0.5寸
|협심증, 늑간신경통, 유선염, 기침, 구토, 심계, 식욕부진

족소음신경 (Kidney Meridian, KI)|KI24 영허 (靈墟)|앞가슴부위, 셋째 갈비사이공간(the 3rd intercostal space), 앞정중선(anterior median line)에서 가쪽으로 2寸.
|玉堂(CV18)과 膺窓(ST16)의 연결선 중점에서 취혈한다.
|- 直刺 0.2～0.4寸 (不可深刺)
- 斜刺 0.3～0.5寸
|기관지염, 늑간신경통, 심장질환, 식욕부진, 구토, 유선염

족소음신경 (Kidney Meridian, KI)|KI25 신장 (神藏)|앞가슴부위, 둘째 갈비사이공간(the 2nd intercostal space), 앞정중선(anterior median line)에서 가쪽으로 2寸.
|紫宮(CV19)과 屋翳(ST15)의 중간 지점에서 취혈한다.
|- 直刺 0.3～0.4寸 (不可深刺)
- 斜刺 0.3～0.5寸
|기관지염, 구토, 식욕부진, 늑간신경

족소음신경 (Kidney Meridian, KI)|KI26 욱중 (彧中)|앞가슴부위, 첫째 갈비사이공간(the 1st intercostal space), 앞정중선(anterior median line)에서 가쪽으로 2寸.
|華蓋(CV20)와 庫房(ST14)의 중간 지점에서 취혈한다.
|- 直刺 0.2～0.4寸 (不可深刺)
- 斜刺 0.3～0.5寸
|기관지염, 천식, 해수

족소음신경 (Kidney Meridian, KI)|KI27 수부 (兪府)|없음|璇璣(CV21)와 氣戶(ST13)의 중간 지점에서 취혈한다.
|- 直刺 0.2～0.4寸 (不可深刺)
- 斜刺 0.3～0.5寸
|뇌충혈, 기관지염, 늑간신경통, 인후염, 갑상선비대, 천식, 흉통, 구토

수궐음심포경 (Pericardium Meridian, PC)|PC1 천지 (天池)|앞가슴부위, 넷째 갈비사이공간(the 4th intercostal space)으로, 앞정중선 (anterior median line)에서 가쪽으로 5寸
|남성은 유두 가쪽 1寸 부위에서 취혈한다.
|- 直刺 0.2～0.3寸 (不宜深刺)
- 斜刺 0.3～0.5寸 (外傍으로 향해 斜刺)
|혐심통, 늑간신경통, 유열무한, 두통, 인후염, 상기증, 해수, 가래, 사지무력, 액하종

수궐음심포경 (Pericardium Meridian, PC)|PC2 천천 (天泉)|위팔 앞쪽면, 위팔두갈래근(biceps brachii m.)의 긴갈래와 짧은갈래 사이, 앞겨드랑주름(anterior axillary fold)에서 먼쪽으로 2寸.
|없음
|- 直刺 0.3～0.5寸
- 斜刺 0.5～0.7寸
|심계항진, 협심통, 흉협통, 상완내측통

수궐음심포경 (Pericardium Meridian, PC)|PC3 곡택 (曲澤)|팔꿈치 앞쪽면, 팔오금주름(cubital crease) 위, 위팔두갈래근힘줄(biceps brachii tendon)의 안쪽 오목한 곳.
|손바닥이 위쪽을 향하게 하고 팔꿈치를 45°로 굽힌 자세에서, 팔오금주름 위, 위팔두갈래근힘줄의 안쪽에서 취혈한다.
|- 直刺 0.5～1寸(不宜深刺)
- 斜刺 0.5～1寸
- 三稜鍼으로 點刺出血 (특히 中暑, 霍亂 등의 急性胃腸病 치료시)
|급성위장염, 심근염, 류머티스성 심근염, 기관지염, 중서, 주비통

수궐음심포경 (Pericardium Meridian, PC)|PC4 극문 (郄門)|아래팔 앞쪽면, 긴손바닥근힘줄(palmaris longus tendon)과 노쪽손목굽힘근힘줄(flexor carpi radialis tendon)의 사이, 손바닥 쪽 손목주름(palmar wrist crease) 에서 몸 쪽으로 5寸.
|주먹을 가볍게 움켜쥐고 손바닥이 위쪽을 향하도록 손목을 돌린채 팔꿈치를 약간 굽히면, 긴손바닥근힘줄과 노쪽손목굽힘근힘줄이 현저하게 드러난다. 긴손바닥근힘줄이 보이지 않을 때에는 노쪽손목굽힘근힘줄 자쪽에서 취혈한다. 曲澤(PC3)과 大陵(PC7)을 연결하는 선의 중점에서 먼 쪽으로 1寸 지점에서 취혈한다.
|- 直刺 0.5～1寸
- 斜刺 0.5～1寸
|심계항진, 심근염, 협심통,류머티스성, 심장병, 히스테리, 코피, 해수, 유선염, 늑막염, 횡경막경련

수궐음심포경 (Pericardium Meridian, PC)|PC5 간사 (間使)|아래팔 앞쪽면, 긴손바닥근힘줄(palmaris longus tendon)과 노쪽손목굽힘근힘줄(flexor carpi radialis tendon)의 사이, 손바닥 쪽 손목주름(palmar wrist crease) 에서 몸 쪽으로 3寸.
|주먹을 가볍게 움켜쥐고 손바닥이 위쪽을 향하도록 손목을 돌린채 팔꿈치를 약간 굽히면, 긴손바닥근힘줄과 노쪽손목굽힘근힘줄이 현저하게 드러난다. 大陵(PC7)에서 몸 쪽으로 3寸 지점에서 취혈한다. 긴손바닥근힘줄이 보이지 않는다면, 노쪽손목굽힘근힘줄 자쪽에서 취혈한다.
|- 直刺 0.5～1寸
- 斜刺 1～1.5寸
- 軀幹疾患 치료시는 약간 橈骨側으로 上向하여 1～1.5寸 斜刺
|심장병, 심계, 심통, 정신병, 중풍후유증, 전간, 급성위염, 월경불순, 주완통, 손바닥열, 인후이물감

수궐음심포경 (Pericardium Meridian, PC)|PC6 내관 (內關)|아래팔 앞쪽면, 긴손바닥근힘줄(palmaris longus tendon)과 노쪽손목굽힘근힘줄(flexor carpi radialis tendon)의 사이, 손바닥쪽 손목주름(palmar wrist crease) 에서 위로 2寸.
※주 : 內關(PC6)과 상응하는 뒤쪽의 經穴은 外關(TE5).
|주먹을 가볍게 움켜쥐고 손바닥이 위쪽을 향하도록 손목을 돌린 상태에서 팔꿈치를 약간 굽히면, 긴손바닥근힘줄과 노쪽손목굽힘근힘줄이 현저하게 드러난다. 大陵(PC7)에서 몸 쪽으로 2寸 지점에서 취혈한다. 긴손바닥근힘줄이 보이지 않을 때에는 노쪽손목굽힘근힘줄 자쪽에서 취혈한다.
|- 直刺 0.5～1寸 / 外關(TE5)을 향해 1.5寸로 透刺
- 斜刺 0.3～2寸 / 軀幹疾患에는 上向하여 1～2寸 斜刺 / 手指麻木에는 약간 橈側으로 3～5分 刺入
|풍습성심장병, 협심통, 심계, 위통, 복통, 딸꾹질, 주완통, 불면, 두통, 안구충혈, 인후종통, 중풍후유증, 구토, 갑상선항진증

수궐음심포경 (Pericardium Meridian, PC)|PC7 대릉 (大陵)|손목 앞쪽면, 긴손바닥근힘줄(palmaris longus tendon)과 노쪽손목굽힘근힘줄(flexor carpi radialis tendon)의 사이, 손바닥 쪽 손목주름(palmar wrist crease) 위.
|주먹을 가볍게 움켜쥐고 손바닥이 위쪽을 향하도록 손목을 돌린 상태에서 팔꿈치를 약간 굽히면, 긴손바닥근힘줄과 노쪽손목굽힘근힘줄이 현저하게 드러난다. 손바닥 쪽 손목주름의 중점, 긴손바닥근힘줄과 노쪽손목굽힘근힘줄의 사이, 콩알뼈(pisiform bone)의 몸 쪽 끝인 神門(HT7)과 같은 높이에서 취혈한다.
|- 直刺 0.3～0.5寸
- 斜刺 0.5～0.8寸
|심근염, 심계, 정신병, 두통, 손바닥열, 개선, 구건, 관절류머티스, 수족마비

수궐음심포경 (Pericardium Meridian, PC)|PC8 노궁 (勞宮)|손바닥, 둘째와 셋째 손허리뼈(the 2nd and 3rd metacarpal bone)의 사이, 손허리손가락관절(metacarpophalangeal joint)의 몸 쪽 오목한 곳.
※참고 : 勞宮(PC8)의 부위가 손바닥, 셋째와 넷째 손허리뼈의 사이, 손허리손가락관절의 몸 쪽 오목한 곳이라는 의견도 있다.
|없음
|- 直刺 0.3～0.5寸 (손바닥에서 손등을 향해 刺入)
- 斜刺 0.5～0.5寸
|뇌졸중의 혼수, 협심통, 연하곤란, 정신병,구강염, 수지마비, 수전증, 손의 다한증, 관절류머티즘, 코피, 황달, 소아경기, 해수

수궐음심포경 (Pericardium Meridian, PC)|PC9 중충 (中衝)|가운데손가락, 가운데손가락 끝의 중심.
※참고 : 中衝(PC9)의 부위가 가운데손가락의 손톱 노쪽 뿌리각(radial corner of the middle finger nail)에서 몸 쪽으로 0.1寸, 가운데손톱 노쪽모서리를 지나는 수직선과 손톱뿌리를 지나는 수평선이 만나는 지점이라는 의견도 있다.
|없음
|- 直刺 0.1～0.2寸
- 三稜鍼으로 點刺出血
- 禁灸 (『醫學入門』)
|중풍혼수, 중서, 고열, 협심통, 설강, 수장열

수소양삼초경 (Triple Energizer Meridian, TE)|TE1 관충 (關衝)|약손가락, 끝마디뼈(distal phalanx)의 자쪽, 넷째손톱 자쪽 뿌리각(ulnar corner of the fingernail)에서 몸 쪽으로 0.1寸
|넷째손톱의 자쪽모서리를 지나는 수직선과 손톱뿌리를 지나는 수평선이 만나는 지점에서 취혈한다.
|- 直刺 0.1～0.2寸
- 斜刺 0.2～0.3寸
- 三稜鍼으로 點刺出血
|중풍혼수, 열병, 인후염, 결막염, 두통, 구건, 식욕부진, 주비통, 오십견, 이명, 난청

수소양삼초경 (Triple Energizer Meridian, TE)|TE2 액문 (液門)|손등, 약손가락과 새끼손가락 사이, 손샅 가장자리(web margin) 위쪽 오목한 곳, 赤白肉際.
|주먹을 가볍게 쥐고, 손바닥이 아래쪽을 향하게 한 자세에서, 약손가락과 새끼손가락이 만나는 지점의 위쪽 오목한 곳으로 赤白肉際에서 취혈한다
|- 直刺 0.3～0.5寸
- 斜刺 0.3～0.5寸
|두통, 인후염, 난청, 이명, 반신불수, 목현, 잇몸병, 안구건조, 오십견, 인사불성, 파킨슨병

수소양삼초경 (Triple Energizer Meridian, TE)|TE3 중저 (中渚)|손등, 넷째와 다섯째 손허리뼈(the 4th and 5th metacarpal bone) 사이, 넷째 손허리손가락관절(the 4th metacarpophalangealjoint) 몸 쪽 오목한 곳.
|없음
|- 直刺 0.3～0.5寸
- 斜刺 0.5～1寸 (손목을 향해)
|농아, 이명, 난청, 두통, 견배통, 늑간신경통, 주비통, 수지굴싱불리

수소양삼초경 (Triple Energizer Meridian, TE)|TE4 양지 (陽池)|손목 뒤쪽면, 손등 쪽 손목주름(dorsal wrist crease) 위, 손가락폄근힘줄(extensor digitorum tendon) 자쪽 오목한 곳.
※주 : 陽谿(LI5), 陽谷(SI5)과 같은 높이에 위치한다.
|손바닥을 아래로 하고, 저항을 주면서 손목을 손등 쪽으로 굽히면 손가락폄근힘줄을 더욱 쉽게 촉지할 수 있다. 손가락을 넷째와 다섯째 손허리뼈(the 4th and 5th metacarpal bone) 사이를 따라서 몸 쪽으로 움직이다가 손등 쪽 손목주름과 만나는 오목한 곳에서 취혈한다.
|- 直刺 0.3～0.5寸
- 斜刺 0.3～0.5寸
|손목관절질환, 감기, 편도선염, 상지신경통, 난청, 오십견, 당뇨병, 자궁후굴, 전굴, 결막염

수소양삼초경 (Triple Energizer Meridian, TE)|TE5 외관 (外關)|아래팔 뒤쪽면, 자뼈와 노뼈 뼈사이공간(interosseous space between the radius and the ulna)의 중점, 손등쪽손목주름(dorsal wrist crease)에서 몸쪽으로 2寸.
※주 : 外關(TE5)에 상응하는 앞쪽經穴은 內關(PC6)이다.
|陽池(TE4)에서 몸 쪽으로 2寸, 자뼈와 노뼈 사이의 오목한 곳에서 취혈한다. 外關(TE5)에 상응하는 앞쪽 經穴은 內關(PC6)이다.
|- 直刺 0.5～1寸 (혹은 內關(PC6)을 향해 透刺하기도 한다)
- 斜刺 1～1.5寸 (軀幹의 疾患에는 上向하여 1～1.5寸 斜刺한다)
|반신불수, 상지관절통, 서경, 수지통, 폐렴, 감기, 고열, 이명, 난청, 편두통, 낙침, 유뇨, 협늑통, 인후염, 복통변비

수소양삼초경 (Triple Energizer Meridian, TE)|TE6 지구 (支溝)|아래팔 뒤쪽면, 자뼈와 노뼈 뼈사이공간(interosseous space between the radius and the ulna)의 중점, 손등쪽손목주름(dorsal wrist crease)에서 몸 쪽으로 3寸.
|外關(TE5)에서 몸 쪽으로 1寸, 會宗(TE7)과 같은 높이, 자뼈와 노뼈 사이에서 취혈한다.
|- 直刺 0.5～1寸
- 斜刺 1～1.5寸
|견비통, 협심통, 편마비, 늑간신경통, 편도선염, 이하선염, 젖부족, 변비, 액협통

수소양삼초경 (Triple Energizer Meridian, TE)|TE7 회종 (會宗)|아래팔 뒤쪽면, 자뼈(ulna)의 바로 노쪽, 손등 쪽 손목주름(dorsal wrist crease)에서 몸 쪽으로 3寸.
|支溝(TE6)의 자쪽에서 취혈한다.
|- 直刺 0.5～0.9寸
- 斜刺 0.5～1寸
|난청, 전간, 상지통, 견완증후순, 흉통, 편마비, 편도선염,히스테리, 화농성 질환

수소양삼초경 (Triple Energizer Meridian, TE)|TE8 삼양락 (三陽絡)|아래팔 뒤쪽면, 자뼈와 노뼈 뼈사이공간(interosseous space between the radius and the ulna)의 중점, 손등쪽손목주름(dorsal wrist crease)에서 몸 쪽으로 4寸.
|陽池(TE4)와 팔꿈치 끝(tip of the elbow)을 연결하는 선에서 위쪽으로부터 2/3와 아래쪽으로부터 1/3이 되는 지점에서 취혈한다.
|- 直刺 0.5～1寸
- 斜刺 0.8～1.5寸 (深刺時에는 郄門(PC4)을 향해 2～3寸 刺入)
- 不可刺 (「鍼灸甲乙經」)
|난청, 하치우통, 상지통, 오십견, 두통, 중풍마비,  실어

수소양삼초경 (Triple Energizer Meridian, TE)|TE9 사독 (四瀆)|아래팔 뒤쪽면, 자뼈와 노뼈 뼈사이공간(interosseous space between theradius and the ulna)의 중점, 팔꿈치머리 융기(prominence of the olecranon)에서 먼 쪽으로 5寸.
|陽池(TE4)와 팔꿈치머리 융기를 연결하는 선의 중점에서 몸 쪽으로 1寸 지점에서 취혈한다.
|- 直刺 0.5～1寸
- 斜刺 0.5～1寸
|편두통, 현운, 상지탄탄, 실음, 치통, 폭농, 주비통, 신경쇠약, 신염

수소양삼초경 (Triple Energizer Meridian, TE)|TE10 천정 (天井)|팔꿈치 뒤쪽면, 팔꿈치머리 융기(prominence of the olecranon)에서 몸 쪽으로 1寸이 되는 오목한 곳.
|팔꿈치를 굽혔을 때, 팔꿈치머리오목(olecranon fossa)에서 취혈한다.
|- 直刺 0.3～0.5寸
- 斜刺 0.5～1寸
|주관절질환, 편두통, 기관지염, 해수, 편도선염, 인후염, 경항통, 견배통, 오십견, 담마진, 안질환, 이통, 간질

수소양삼초경 (Triple Energizer Meridian, TE)|TE11 청랭연 (淸冷淵)|위팔 뒤쪽면, 팔꿈치머리 융기(prominence of the olecranon)와 봉우리각(acromial angle)을 연결하는 선 위, 팔꿈치머리 융기에서 몸쪽으로 2寸.
|팔꿈치를 펴고, 팔꿈치머리 융기로부터 위쪽으로 2寸에서 취혈한다.
|- 直刺 0.3～0.5寸
- 斜刺 0.5～1寸
|두통, 안통, 견비통, 오십견, 축농증, 관절류머티즘

수소양삼초경 (Triple Energizer Meridian, TE)|TE12 소락 (消濼)|위팔 뒤쪽면, 팔꿈치머리 융기(prominence of the olecranon)와 봉우리각(acromial angle)을 연결하는 선 위, 팔꿈치머리 융기에서 몸쪽으로 5寸.
|없음
|- 直刺 0.3～0.7寸
- 斜刺 0.5～1寸
|두통, 경항통, 견비통, 치통, 전간, 당뇨병

수소양삼초경 (Triple Energizer Meridian, TE)|TE13 노회 (臑會)|위팔 뒤쪽면, 어깨세모근(deltoid muscle)의 뒤모서리 아래뒤쪽, 봉우리각(acromial angle)에서 아래쪽으로 3寸.
|없음
|- 直刺 0.5～1寸
- 斜刺 0.5～1寸
|견비통, 오십견, 편마비, 인후염, 갑상선질환

수소양삼초경 (Triple Energizer Meridian, TE)|TE14 견료 (肩髎)|팔이음뼈(shoulder girdle), 봉우리각(acromial angle)과 위팔뼈 큰결절(greater tubercle of the humerus) 사이의 오목한 곳.
|팔꿈치를 굽히고 위팔을 외전시키면, 어깨뼈봉우리(acromion) 앞뒤로 각각 두 개의 오목한 곳이 나타난다. 肩髎(TE14)는 뒤쪽에 위치하며, 앞쪽에 위치한 肩髃(LI15)보다 덜 오목하다.
|- 直刺 0.5～1寸
- 斜刺 1～2寸
- 肩關節炎 치료시는 어깨관절을 外轉시켜 어깨뼈봉우리와 위팔뼈큰결절 사이를 沿해서 極泉(HT1)을 향해 1.5～2寸 直刺, 혹은 極泉(HT1)까지 透刺하거나, 아래쪽으로 비스듬히 2～3寸 斜刺한다.
|편마비, 견관절통, 견관절주위염, 다한증, 오십견

수소양삼초경 (Triple Energizer Meridian, TE)|TE15 천료 (天髎)|어깨뼈부위, 어깨뼈 위각(superior angle of the scapula)에서 위쪽 오목한 곳.
|바르게 앉아 팔을 몸통 옆으로 늘어뜨리고, 肩井(GB21)과 曲垣(SI13)의 중간에서 취혈한다.
|- 直刺 0.3～0.5寸 (肩胛棘의 방향으로 偏向하여 刺入, 不宜深刺)
- 斜刺 0.5～0.8寸
|경항통, 견갑통, 견응증, 유열무한, 결분통, 흉민, 두통

수소양삼초경 (Triple Energizer Meridian, TE)|TE16 천유 (天牖)|목 앞부위, 턱뼈각(angle of the mandible)과 같은 높이, 목빗근(sternocleidomastoid muscle)의 뒤 쪽 오목한 곳.
|없음
|- 直刺 0.3～0.5寸 (不宜深刺)
- 斜刺 0.5～0.8寸
|이명, 난청, 항강통, 인후염, 시력감퇴, 코막힘, 안통, 여드름

수소양삼초경 (Triple Energizer Meridian, TE)|TE17 예풍 (翳風)|목앞부위, 귓불(ear lobe)의 뒤쪽, 꼭지돌기(mastoid process) 아래끝의 앞쪽 오목한 곳.
|없음
|- 直刺 0.5～1寸
- 斜刺 1～1.5寸
|농아(사자), 이명, 이롱, 악관절염, 구안괘사, 고혈압, 이하선염, 치통, 안면신경마비, 삼차신경통, 시력장애

수소양삼초경 (Triple Energizer Meridian, TE)|TE18 계맥 (瘈脈)|머리, 꼭지돌기(mastoid process) 중심, 翳風(TE17)에서 角孫(TE20)을 연결하는 곡선에서 위쪽으로부터 2/3와 아래쪽으로부터 1/3이 되는 지점.
|없음
|- 直刺 0.1～0.2寸
- 斜刺 0.5～1寸
- 點刺出血
|이명, 난청, 두통, 소아경풍, 구토, 멀미, 시력감퇴

수소양삼초경 (Triple Energizer Meridian, TE)|TE19 노식 (顱息)|머리, 翳風(TE17)에서 角孫(TE20)을 연결하는 곡선에서 위쪽으로부터 1/3 과 아래쪽으로부터 2/3가 되는 지점.
|없음
|- 直刺 0.1～0.2寸
- 斜刺 0.1～0.3寸 (0.1寸 刺入한 후 後方을 향해 0.5寸 斜刺하기도 한다)
|두통, 이명, 중이염, 구토, 천식, 협통

수소양삼초경 (Triple Energizer Meridian, TE)|TE20 각손 (角孫)|머리, 귓바퀴끝(auricular apex)의 바로 위쪽 지점.
|귓바퀴를 앞으로 접어 머리에 눌러 붙일 때, 귓바퀴끝이 머리에 닿는 지점에서 취혈한다.
|- 直刺 0.1～0.2寸
- 斜刺 0.1～0.3寸
|결막염, 백내장, 각막염, 두통, 치통, 치조농루, 다리 염좌

수소양삼초경 (Triple Energizer Meridian, TE)|TE21 이문 (耳門)|얼굴, 귀구슬위패임(supratragic notch)과 아래턱뼈 관절돌기(condylar process of the mandible) 사이의 오목한 곳.
|- 直刺 0.3～0.5寸
- 斜刺 0.3～0.5寸
- 입을 벌리고 鍼尖을 下向하여 聽宮(SI19) 및 聽會(GB2)로 透刺하여 0.5～1.5寸 刺入
|없음
|이명, 난청, 농아, 중이염, 상치통, 악관절염

수소양삼초경 (Triple Energizer Meridian, TE)|TE22 화료 (和髎)|머리, 관자놀이 머리카락경계선(temple hairline)의 뒤쪽, 귓바퀴뿌리(auricular root)의 앞쪽, 얕은관자동맥(superficial temporal artery)의 뒤쪽.
|없음
|- 直刺 0.1～0.2寸
- 斜刺 0.3～0.5寸
|편두통, 이명, 안면신경마비, 콧병, 아관긴급, 안질환

수소양삼초경 (Triple Energizer Meridian, TE)|TE23 사죽공 (絲竹空)|머리, 눈썹 가쪽끝의 오목한 곳.
|없음
|- 直刺 0.2～0.3寸
- 斜刺 0.3～1寸 (皮下를 沿하여 後方으로)
- 橫刺時 後方 또는 魚腰를 향해 皮下를 沿하여 0.5～1寸 刺入
- 刺出血 (頭風*, 偏頭痛 치료시)
|두통, 안질환, 안면신경마비, 눈충혈, 도첨, 눈침침

족소양담경 (Gallbladder Meridian, GB)|GB1 동자료 (瞳子髎)|머리, 가쪽눈구석(outer canthus)에서 가쪽으로 0.5寸 오목한 곳.
|눈초리(目外眥) 가쪽 약 0.5寸으로, 눈확가쪽모서리 오목한 곳에서 취혈한다.
|- 直刺 0.2～0.3寸
- 斜刺 0.3～0.5寸
- 橫刺 0.5～1寸 (太陽을 향해 刺入)
|각종 안질환, 두통, 안면신경통, 및 경련

족소양담경 (Gallbladder Meridian, GB)|GB2 청회 (聽會)|얼굴, 귀구슬사이패임(intertragic notch)과 아래턱뼈 관절돌기(condylar process of mandible) 사이의 오목한 곳.
|입을 벌리고, 귀구슬사이패임 앞쪽의 오목한 곳에서 취혈한다. 聽宮(SI19)에서 수직으로 아래쪽에 위치한다.
|- 直刺 0.3～0.5寸
- 斜刺 0.5～0.7寸
- 입을 벌리고 약간 後斜方으로 1～1.5寸 刺入하기도 한다.
|중이염, 이명, 이롱, 구안괘사, 편마비, 안면신경마비, 하악탈구, 치통, 하악관절염

족소양담경 (Gallbladder Meridian, GB)|GB3 상관 (上關)|머리, 광대활(zygomatic arch) 중점 위쪽의 오목한 곳.
|광대활 위쪽, 下關(ST7) 위쪽의 오목한 곳에서 취혈한다.
|- 直刺 0.2～0.3寸
- 斜刺 0.3～0.5寸
|이명, 이롱, 구안괘사, 안면신경마비, 삼차신경통, 상치통, 구금

족소양담경 (Gallbladder Meridian, GB)|GB4 함염 (頷厭)|머리, 頭維(ST8)와 曲鬢(GB7)을 연결하는 곡선에서 위쪽으로부터 1/4과 아래쪽으로부터 3/4이 되는 지점.
|없음
|- 直刺 0.2～0.3寸
- 斜刺 0.3～0.5寸 (아래를 향하여 沿皮刺)
|편두통, 목현, 류머티스관절염, 이명, 비염, 전간, 경련

족소양담경 (Gallbladder Meridian, GB)|GB5 현로 (懸顱)|머리, 頭維(ST8)와 曲鬢(GB7)을 연결하는 곡선의 중점.
|없음
|- 直刺 0.2～0.3寸
- 斜刺 0.3～0.5寸 (뒤를 향하여 沿皮刺)
|편두통, 치통, 안면부종, 삼차신경통, 백내장, 녹내장, 현기증

족소양담경 (Gallbladder Meridian, GB)|GB6 현리 (懸釐)|머리, 頭維(ST8)와 曲鬢(GB7)을 연결하는 곡선에서 위쪽으로부터 3/4과 아래쪽으로부터 1/4이 되는 지점.
|없음
|- 直刺 0.2～0.3寸
- 斜刺 0.3～0.5寸 (뒤를 향하여 沿皮刺)
|편두통, 치통, 결막염, 안면홍종, 유열무한

족소양담경 (Gallbladder Meridian, GB)|GB7 곡빈 (曲鬢)|머리, 귓바퀴끝(auricular apex)을 지나는 수평선과 관자놀이 머리카락경계선(temple hairline)의 뒤모서리를 지나는 수직선이 만나는 지점.
|없음
|- 直刺 0.2～0.3寸
- 斜刺 0.3～0.5寸
|편두통, 삼차신경통, 치통, 구금, 눈병, 뇌질환

족소양담경 (Gallbladder Meridian, GB)|GB8 솔곡 (率谷)|머리, 귓바퀴끝(auricular apex)에서 수직으로 위쪽, 관자놀이 머리카락경계선(temporal hairline)에서 위쪽으로 1.5寸.
|角孫(TE20) 위쪽, 髮際(hairline)에서 머리 안쪽으로 1.5寸 지점으로, 음식을 씹을 때 쉽게 촉지된다.
|- 直刺 0.2～0.3寸
- 斜刺 0.3～0.5寸 (沿皮刺)
|편두통, 현운, 눈병, 두종, 숙취, 위암, 횡경막통, 구토

족소양담경 (Gallbladder Meridian, GB)|GB9 천충 (天衝)|머리, 귓바퀴뿌리(auricular root) 뒤 모서리에서 수직으로 위쪽, 髮際 (hairline)에서 위쪽으로 2寸.
|率谷(GB8)에서 뒤쪽으로 0.5寸 지점에서 취혈한다.
|- 直刺 0.2～0.3寸
- 斜刺 0.3～0.5寸 (沿皮刺)
|두통, 잇몸병, 갑상선종대, 전간

족소양담경 (Gallbladder Meridian, GB)|GB10 부백 (浮白)|머리, 꼭지돌기(mastoid process)의 위뒤쪽, 天衝(GB9)에서 完骨(GB12)을 연결하는 곡선에서 위로부터 1/3과 아래로부터 2/3가 되는 지점.
|귓바퀴끝(auricular apex)의 뒤쪽, 髮際(hairline)에서 위쪽으로 1寸이 되는 지점에서 취혈한다.
|- 直刺 0.2～0.3寸
- 斜刺 0.3～0.5寸 (沿皮刺)
|두통, 치통, 이명, 난청, 기관지염, 경항통, 후두염, 오십견, 고혈압, 저혈압

족소양담경 (Gallbladder Meridian, GB)|GB11 두규음 (頭竅陰)|머리, 꼭지돌기(mastoid process) 위 뒤쪽, 天衝(GB9)에서 完骨(GB12)을 연결하는 곡선에서 위쪽으로부터 2/3과 아래쪽으로부터 1/3이 되는 지점.
|없음
|- 直刺 0.2～0.3寸
- 斜刺 0.3～0.5寸 (沿皮刺)
|두항통, 이명, 난청, 기관지염, 후두염, 흉통, 갑상선질환, 목현, 설강, 협통

족소양담경 (Gallbladder Meridian, GB)|GB12 완골 (完骨)|목 앞부위, 꼭지돌기(mastoid process) 아래뒤쪽의 오목한 곳.
|없음
|- 直刺 0.2～0.3寸
- 斜刺 0.3～0.5寸 (沿皮刺)
|편두통, 현기증, 뇌충혈, 안면부종, 치통, 구안괘사, 안면신경마비, 삼차 신경통, 불면증, 편도선, 경항통, 신경쇠약, 번심, 전간, 소변적황

족소양담경 (Gallbladder Meridian, GB)|GB13 본신 (本神)|머리, 前髮際(anterior hairline)에서 머리 안쪽으로 0.5寸, 앞정중선(anterior median line)에서 가쪽으로 3寸.
|神庭(GV24)에서 頭維(ST8)를 연결하는 곡선에서 안쪽으로부터 2/3와 가쪽으로부터 1/3이 되는 지점에서 취혈한다.
|- 直刺 0.2～0.3寸
- 斜刺 0.3～0.5寸 (뒤를 향하여 沿皮刺)
|두통, 목현, 경항강통,협늑통, 전간, 편마비, 건망

족소양담경 (Gallbladder Meridian, GB)|GB14 양백 (陽白)|머리, 동공(pupil) 중심에서 수직으로 위쪽, 눈썹 위쪽으로 1寸.
|없음
|- 直刺 0.2～0.3寸
- 斜刺 0.3～0.5寸 (뒤를 향하여 沿皮刺)
- 橫刺하여 魚腰로 透刺 0.3～0.5寸 (위에서 아래로 皮下部를 沿하여 刺入)
|안면신경마비, 안검하수, 눈병, 안와상, 신경통, 두통, 야맹증, 삼차신경통

족소양담경 (Gallbladder Meridian, GB)|GB15 두임읍 (頭臨泣)|머리, 동공(pupil) 중심에서 수직으로 위쪽, 前髮際(anterior hairline)에서 머리 안쪽으로 0.5寸.
|정면을 바라볼 때, 동공 중심에서 위 쪽, 神庭(GV24)에서 頭維(ST8)를 연결하는 곡선의 중점에서 취혈한다.
|- 直刺 0.2～0.3寸
- 斜刺 0.3～0.5寸 (위를 향하여 沿皮刺)
- 三稜鍼으로 點刺出血
|현운, 두통, 결막염, 누액과다, 비색, 축농증, 중풍혼수, 열병, 이롱, 시력장애

족소양담경 (Gallbladder Meridian, GB)|GB16 목창 (目窓)|머리, 동공(pupil) 중심에서 수직으로 위쪽, 前髮際(anterior hairline)에서 머리 안쪽으로 1.5寸.
|없음
|- 直刺 0.2～0.3寸
- 斜刺 0.3～0.5寸 (뒤를 향하여 沿皮刺)
- 三稜鍼으로 點刺出血
|도통, 결막염, 시력결핍, 안면부종, 축종증, 치통, 편두통, 안면신경마비

족소양담경 (Gallbladder Meridian, GB)|GB17 정영 (正營)|머리, 동공(pupil) 중앙에서 수직으로 위쪽, 前髮際(anterior hairline)에서 머리 안쪽으로 2.5寸.
|없음
|- 直刺 0.2～0.3寸
- 斜刺 0.3～0.5寸 (뒤를 향하여 沿皮刺)
|두통, 치통, 목현, 구토, 두운, 불안 초조

족소양담경 (Gallbladder Meridian, GB)|GB18 승령 (承靈)|머리, 동공(pupil) 중심에서 수직으로 위쪽, 前髮際(anterior hairline)에서 머리 안쪽으로 4寸.
|없음
|- 直刺 0.2～0.3寸
- 斜刺 0.3～0.5寸 (뒤를 향하여 沿皮刺)
|두통, 감기, 눈병, 코피, 비색, 천식, 현운

족소양담경 (Gallbladder Meridian, GB)|GB19 뇌공 (腦空)|머리, 風池(GB20)에서 수직으로 위 쪽, 바깥뒤통수뼈융기(external occipital protuberance) 위모서리와 같은 높이.
|없음
|- 直刺 0.2～0.3寸
- 斜刺 0.3～0.5寸 (뒤를 향하여 沿皮刺)
|뇌질환, 천식, 전간, 정신질환, 심계, 이명

족소양담경 (Gallbladder Meridian, GB)|GB20 풍지 (風池)|목 뒤부위, 뒤통수뼈(occipital bone)의 아래쪽, 목빗근이 닿는 곳(insertion of sternocleidomastiod muscle)의 뒤쪽 가장자리와 등 세모근이 이는 곳(origin of trapezius muscle)의 바깥쪽 가장자리 사이의 오목한 곳.
|없음
|- 直刺 0.3～1寸 (반대쪽 眼球 방향으로 刺入)
- 斜刺 0.5～1.5寸 (약간 斜下 방향인 耳垂와 수평으로 刺入)
|뇌질환, 중풍. 고혈압, 반신불수,눈병, 비염, 이명, 난청, 감기, 항강통 두통, 갑상선비대, 목현, 불면

족소양담경 (Gallbladder Meridian, GB)|GB21 견정 (肩井)|목 뒤부위, 일곱째 목뼈 가시돌기 (spinous process of the 7th cervical vertebra)와 어깨뼈봉우리(acromion) 가 쪽끝을 연결하는 선의 중점.
|없음
|없음|뇌졸증, 반신불수, 견응증, 견관절염, 항강통, 천식, 현운, 고혈압, 저혈압, 유산하혈, 유선염, 난산

족소양담경 (Gallbladder Meridian, GB)|GB22 연액 (淵腋)|가쪽가슴부위, 넷째 갈비사이공간(the 4th intercostal space), 중간겨드랑선(midaxillary line) 위.
In the lateral thoracic region, in the fourth intercostal space, on the midaxillary line.
|없음|- 直刺 0.2～0.3寸 (不宜深刺)
- 斜刺 0.3～0.5寸
|협늑통, 액와임파선염, 해수

족소양담경 (Gallbladder Meridian, GB)|GB23 첩근 (輒筋)|가쪽가슴부위, 넷째 갈비사이공간(the 4th intercostal space), 중간겨드랑선 (midaxillary line)에서 앞쪽으로 1寸.
|淵腋(GB22) 앞쪽 1寸에서 취혈한다.
|- 直刺 0.2～0.3寸 (不宜深刺)
- 斜刺 0.3～0.5寸
|천식, 늑막염, 구토, 탄산

족소양담경 (Gallbladder Meridian, GB)|GB24 일월 (日月)|옆배, 열두째 갈비뼈끝(free extremity of the 12th rib)의 아래쪽
|옆으로 누워 팔을 머리 위쪽으로 올리고 취혈한다. 열두째 갈비뼈끝은 뒤겨드랑선(posterior axillary line) 뒤 쪽의 갈비뼈활(costal arch) 아래모서리에서 촉지된다.
|- 直刺 0.3～0.5寸 (不宜深刺)
- 斜刺 0.5～1寸
|신장염, 장산통, 늑간신경통, 요통, 소복통, 장명, 설사, 견갑통

족소양담경 (Gallbladder Meridian, GB)|GB26 대맥 (帶脈)|옆배, 열한째 갈비뼈끝(free extremity of the 11th rib)의 아래쪽, 배꼽 (umbilicus) 중심과 같은 높이.
|먼저 열째 갈비뼈(the 10th rib)를 찾은 후, 갈비뼈활(costal arch)의 아래모서리 바로 밑에서 열한째 갈비뼈끝을 찾아 그 아래에서 취혈한다. 章門(LR13)의 아래쪽, 神闕(CV8)과 같은 높이에서 취혈한다.
|- 直刺 0.5～0.8寸
- 斜刺 0.5～1寸
|자궁내막염, 방광염, 월경불순, 대하, 혈뇨, 요통, 퇴행성관절염

족소양담경 (Gallbladder Meridian, GB)|GB27 오추 (五樞)|아랫배, 배꼽(umbilicus) 중심에서 아래쪽으로 3寸, 위앞엉덩뼈가시(anterior superior iliac spine)의 안쪽.
|없음
|- 直刺 0.5～0.8寸
- 斜刺 0.5～1寸
|자궁내막염, 자궁근종, 대하, 산통, 고환염, 요통, 변비, 이급후증, 갑작스런 배 통증

족소양담경 (Gallbladder Meridian, GB)|GB28 유도 (維道)|아랫배, 위앞엉덩뼈가시(anterior superior iliac spine)에서 아래안쪽으로 0.5寸.
|없음
|- 直刺 0.5～0.8寸
- 斜刺 0.5～1寸
|자궁내막염, 변비

족소양담경 (Gallbladder Meridian, GB)|GB29 거료 (居髎)|엉덩이부위, 위앞엉덩뼈가시(anterior superior iliac spine)와 큰돌기 융기(prominence of the greater trochanter)
를 연결하는 선의 중점.
|없음
|- 直刺 0.5～1寸
- 斜刺 2～3寸 (股關節로 향해 刺入)
|고관절 질환, 십이지장궤양, 하복통, 방광염, 자궁내막염, 좌골신경통, 오십견, 하지탄탄

족소양담경 (Gallbladder Meridian, GB)|GB30 환도 (環跳)|엉덩이부위, 큰돌기 융기(prominence of the greater trochanter)와 엉치 뼈틈새(sacral hiatus)를 연결하는 선에서 가쪽으로부터 1/3과 안쪽으로부터 2/3가 되는 지점.
|옆으로 누워 넓적다리를 올려 엉덩관절을 굽혔을 때, 쉽게 촉지된다.
|- 直刺 1～2寸 또는 2～3寸
- 斜刺 1～3寸
|좌골신경통, 반신불수, 고관절질환,요통

족소양담경 (Gallbladder Meridian, GB)|GB31 풍시 (風市)|넓적다리 가쪽면, 양팔을 넓적다리에 나란히 늘어뜨리고 똑바로 섰을 때, 가운데손가락 끝이 닿는 엉덩정강근 막띠(iliotibial band) 뒤쪽의 오목한 곳.
|무릎을 약간 굽히고, 저항에 대항하며 엉덩이를 외전시켜, 먼저 엉덩정강근막띠를 찾고, 風市(GB31)를 취혈한다.
|- 直刺 0.5～1.5寸
- 斜刺 0.7～1.5寸
|반신불수, 좌골신경통, 중풍혼수, 사지무력, 소양증

족소양담경 (Gallbladder Meridian, GB)|GB32 중독 (中瀆)|넓적다리 가쪽면, 엉덩정강근막띠 (iliotibial band)의 뒤쪽, 오금주름 (popliteal crease)에서 위쪽으로 7寸.
|없음|없음|각기, 하지마비, 좌골신경통, 반신불수, 요통, 슬관절염

족소양담경 (Gallbladder Meridian, GB)|GB33 슬양관 (膝陽關)|무릎 가쪽면, 넙다리두갈래근힘줄 (biceps femoris tendon)과 엉덩정강근막띠(iliotibial band)의 사이, 넙다리 뼈 가쪽위관절융기(lateral epicondyle of the femur) 위뒤쪽 오목한 곳.
|없음
|- 直刺 0.3～0.5寸
- 斜刺 0.3～0.8寸
|슬관절염, 슬관절 굴신장애, 슬냉통, 요통, 반신불수

족소양담경 (Gallbladder Meridian, GB)|GB34 양릉천 (陽陵泉)|종아리의 종아리뼈쪽면에, 종아리뼈 머리(head of the fibula)에서 앞먼쪽(anterior and distal)의 오목한 곳에 취혈함.
|없음
|- 0.8～1.2寸 直刺
- 脛骨 後緣을 향해 비스듬히 아래로 1～2寸 斜刺
|슬관절염, 반신불수, 좌골신경통, 굴신불리, 염좌, 구안괘사, 엽늑통, 견관절주위염, 족근경련, 간염, 담낭염, 요통, 변비, 유뇨

족소양담경 (Gallbladder Meridian, GB)|GB35 양교 (陽交)|종아리의 종아리뼈쪽면, 종아리뼈(fibula)뒤쪽으로, 가쪽복사 융기(prominence of the lateral malleolus)에서 몸쪽으로 7寸 높이.
|오금주름(popliteal crease)의 가쪽끝과 가쪽복사뼈 융기를 연결하는 선을 16촌으로 하여 그 선의 중점에서 먼 쪽으로 1寸과 같은 높이에 취혈하는데, 外丘(GB36)의 뒤쪽에 해당됨.
|없음|두통, 간염, 천식, 후두통, 슬관절통, 하지운동마비, 흉통, 안면부종

족소양담경 (Gallbladder Meridian, GB)|GB36 외구 (外丘)|종아리의 종아리뼈쪽면, 종아리뼈(fibula)앞쪽으로, 가쪽복사 융기(prominence of the lateral malleolus)에서 몸 쪽으로 7寸되는 곳임.
|오금주름(popliteal crease)의 가쪽끝과 가쪽복사뼈 융기를 연결하는 선을 16촌으로 하여 그 선의 중점에서 먼 쪽으로 1寸되는 곳에 취혈하는데, 양교의 앞쪽에 해당됨.
|- 0.3～0.8寸 直刺
- 斜刺 0.5～1.5寸
|좌골신경통, 항강, 협늑통, 편마비, 파킨슨병

족소양담경 (Gallbladder Meridian, GB)|GB37 광명 (光明)|종아리의 종아리뼈쪽면, 종아리뼈(fibula)앞쪽으로, 오금주름(popliteal crease)의 가쪽끝과 가쪽복사뼈 융기를 연결하는 선을 16촌으로 하여 가쪽복사 융기(prominence of the lataral malleolus)에서 몸쪽으로 5寸되는 곳임.
|없음
|- 0.5～0.9寸 直刺
- 斜刺 0.7～1寸
|눈병, 하지마비, 열병무한, 간질

족소양담경 (Gallbladder Meridian, GB)|GB38 양보 (陽輔)|종아리의 종아리뼈쪽면, 종아리뼈(fibula)앞쪽으로, 오금주름(popliteal crease)의 가쪽끝과 가쪽복사뼈 융기를 연결하는 선을 16촌으로 하여 가쪽복사 융기(prominence of the lataral malleolus)에서 몸쪽으로 4寸되는 곳임.
|없음
|- 0.3～0.7寸 直刺
- 斜刺 0.5～1寸
|편두통, 편도선염, 하지마비(무력), 근위축, 슬관절염, 백절산통

족소양담경 (Gallbladder Meridian, GB)|GB39 현종 (懸鍾)|종아리 종아리뼈쪽면, 종아리뼈(fibula) 앞쪽으로, 오금주름(popliteal crease)의 가쪽끝과 가쪽복사뼈 융기를 연결하는 선을 16촌으로 하여 가쪽복사 융기(prominence of the lateral malleolus)에서 몸쪽으로 3寸되는 곳임.
|없음
|- 直刺 0.3～0.5寸
- 斜刺 0.5～1寸
- 三陰交로 향해 0.5～1.5寸 透刺
|골수염, 척수염, 반신불수, 하지무력, 골관절염, 항강, 심복창만, 위열, 후비, 변비, 배뇨통

족소양담경 (Gallbladder Meridian, GB)|GB40 구허 (丘墟)|발목 앞가쪽면, 긴발가락폄근힘줄(extensor digitorum longus tendon)의 가쪽, 가쪽복사(lateral malleolus)의 앞먼쪽(anterior and distal) 오목한 곳.
|둘째부터 다섯째발가락까지를 저항에 대항하면서 펴서, 먼저 긴발가락폄근힘줄을 찾고, 丘墟(GB40)를 취혈한다.
|- 直刺 0.3～0.5寸
- 斜刺 0.5～1寸 (足內踝下緣을 향해 刺入)
|협늑통, 담낭염, 좌골신경통, 발목염좌, 전근, 항강, 시력불명

족소양담경 (Gallbladder Meridian, GB)|GB41 족임읍 (足臨泣)|발등, 넷째와 다섯째 발허리뼈바닥(the 4th and 5th metatarsal bones)의 연접부에서 먼 쪽, 다섯째 긴발가락폄근힘줄(the 5th extensor digitorum longus tendon)의 가쪽 오목한 곳.
|없음|- 直刺 0.3～0.5寸
- 斜刺 0.3～0.5寸
|없음
족소양담경 (Gallbladder Meridian, GB)|GB42 지오회 (地五會)|발등, 넷째와 다섯째 발허리뼈(the 4th and 5th metatarsal bones) 사이, 넷째 발허리발가락관절(the 4th metatarsophalangeal joint) 몸 쪽 오목한 곳.
|없음|- 直刺 0.1～0.4寸
- 斜刺 0.3～0.5寸
|이명, 유선염, 요통, 발등의 종창과 동통

족소양담경 (Gallbladder Meridian, GB)|GB43 협계 (俠谿)|발등, 넷째와 다섯째 발가락(the 4th and 5th toes) 사이, 발샅 가장자리(web margin) 몸 쪽, 赤白肉際.
|없음|- 直刺 0.2～0.3寸
- 斜刺 0.3～0.5寸
|이명,뇌충혈, 부종, 좌골신경통, 고혈압, 현기증,목현, 눈충혈, 협늑통

족소양담경 (Gallbladder Meridian, GB)|GB44 족규음 (足竅陰)|넷째발가락, 끝마디뼈(distal phalanx)의 가쪽, 넷째발톱 가쪽 뿌리각(lateral corner of the toenail)에서 몸 쪽으로 0.1寸.
|넷째발톱의 가쪽모서리를 지나는 수직선과 발톱뿌리를 지나는 수평선이 만나는 지점에서 취혈한다.
|- 直刺 0.1～0.2寸
- 斜刺 0.1～0.2寸
|두통, 고혈압, 결막염, 늑간신경통,천식, 난청, 편도선염, 전근, 수족번열, 설강, 구건

족궐음간경 (Liver Meridian, LR)|LR1 대돈 (大敦)|엄지발가락, 끝마디뼈(distal phalanx)의 가쪽, 엄지발톱 가쪽 뿌리각(lateral corner of the toenail)에서 몸 쪽으로 0.1寸.
|엄지발톱의 가쪽모서리를 지나는 수직선과 발톱뿌리를 지나는 수평선이 만나는 지점에서 취혈한다.
|- 直刺 0.1～0.2寸
- 斜刺 0.1～0.2寸
- 三稜鍼으로 點刺出血
|생리불순, 임질, 고환염, 자궁출혈, 유뇨증, 소변빈삭, 불면, 음위 등 비뇨 생식기 질환, 심통, 구급질환

족궐음간경 (Liver Meridian, LR)|LR2 행간 (行間)|발등, 첫째와 둘째 발가락(the 1st and 2nd toes) 사이, 발샅 가장자리(web margin)에서 몸 쪽, 赤白肉際.
|없음|- 直刺 0.2～0.3寸
- 斜刺 0.5～1寸
|두통,현훈,녹내장, 수족냉증, 변비, 고환염, 장산통, 당뇨병, 불면, 결막염, 협늑통, 월경과다, 유뇨, 구역, 음경통, 소복냉통, 도한, 늑간신경통

족궐음간경 (Liver Meridian, LR)|LR3 태충 (太衝)|발등, 첫째와 둘째 발허리뼈(the 1st and 2nd metatarsal bones) 사이, 두발허리뼈의 바닥 연접부에서 먼 쪽 오목한 곳, 발등동맥(dorsalis pedis artery)이 뛰는 곳.
|손가락을 行間(LR2)에서부터 첫째와 둘째 발허리뼈 사이로 그 바닥을 향하여 몸 쪽으로 움직일 때 촉지되는 오목한 곳에서 취혈한다.
|- 直刺 0.3～0.5寸
- 斜刺 1～1.5寸
- 湧泉(KI1)으로 透刺하기도 함.
|고혈압, 두통, 현훈, 불면, 간염, 고환통, 자궁병, 월경불순,소복냉통, 혈소판삼고증, 흉협통, 사지관절통, 유옹, 눈별, 변비, 급체, 대소장염, 설사, 늑간신경통, 족저통, 인후통,이명, 난

족궐음간경 (Liver Meridian, LR)|LR4 중봉 (中封)|발목 앞안쪽면, 앞정강근힘줄(tibialis anterior tendon) 안쪽, 안쪽복사(medial malleolus) 앞쪽의 오목한 곳.
※주 : 解谿(ST41)와 商丘(SP5)의 중간에 위치한다.
|없음
|- 直刺 0.3～0.5寸
- 斜刺 0.5～1寸
|간염, 유정,음경통,산통,소복통, 복수, 족궐냉,급성요통,근경련, 족관절염, 방광염,요도염,해수, 천식,위산과다

족궐음간경 (Liver Meridian, LR)|LR5 여구 (蠡溝)|종아리 앞 안쪽면, 정강뼈 안쪽모서리(medial border of the tibia)의 중앙에 있으며, 안쪽복사 융기(prominence of the medial malleolus)에서 음릉천까지 13촌으로 정했을 때 안쪽복사 융기에서 몸 쪽으로 5寸되는 곳으로 뒤쪽의 築賓(KI9)과 같은 높이에 위치한다.
|없음
|- 0.3～0.5寸 直刺를 하거나
- 脛骨 뒷면을 따라 0.5～1寸 斜刺를 하며 특히
- 軀幹疾患에는 脛骨 뒷면을 따라 위쪽으로 1.5～2寸 斜刺
|월경불분, 자궁내막염,붕루, 뇨폐, 산통, 고환염, 성욕항진,대하, 소변불리, 요퉁, 음위

족궐음간경 (Liver Meridian, LR)|LR6 중도 (中都)|종아리 앞 안쪽면, 정강뼈 안쪽모서리(medial border of the tibia)의 중앙에 있으며, 안쪽복사 융기(prominence of the medial malleolus)에서 음릉천까지 13촌으로 정했을 때 안쪽복사 융기에서 몸 쪽으로 7寸되는 곳에 취혈한다.
|없음|- 0.3～0.5寸 直刺
- 1～1.5 寸 斜刺
|붕루, 장산통, 산후오로, 인후통, 슬내통

족궐음간경 (Liver Meridian, LR)|LR7 슬관 (膝關)|종아리 정강뼈쪽면, 정강뼈 안쪽관절융기(medial condyle of the tibia) 아래쪽으로, 陰陵泉(SP9)에서 뒤쪽으로 1寸부위에 해당됨.
|없음
|- 0.3～0.6寸 直刺
- 斜刺 1～1.5寸
|산통, 자궁탈,질염, 전립선염, 유정, 음위, 음경통, 음부소양증,신염, 소변불리, 요토염, 방광염, 슬관절염

족궐음간경 (Liver Meridian, LR)|LR8 곡천 (曲泉)|무릎 안쪽면, 오금주름(popliteal crease)의 안쪽끝에 해당되며, 무릎을 굽혔을 때, 다리오금주름 안쪽끝에서 가장 두드러지는 반힘줄모양근힘줄(semitendinosus tendon)과 반막모양근힘줄(semimembranosus tendon)의 안쪽 오목한 곳에 취혈함.
|없음|- 0.3～0.8寸 直刺
- 斜刺 1～1.5寸
|산통, 자궁탈, 질염, 전립선염, 유정, 음위, 음경통, 음부소양증, 신염, 소변불리, 요도염, 방광염, 슬관절염

족궐음간경 (Liver Meridian, LR)|LR9 음포 (陰包)|넓적다리 안쪽면, 두덩정강근(gracilis muscle)과 넙다리빗근(sartorius muscle)의 사이, 무릎뼈 바닥(base of the patella)에서 몸쪽으로 4寸.
|근육에 긴장을 준 상태에서 엉덩이를 살짝 굽혀 외전하면, 넙다리빗근이 현저하게 드러난다. 넙다리빗근 뒤쪽에서 취혈한다
|- 直刺 0.5～0.7寸
- 斜刺 1.5～2寸
|월경불순, 요실금, 소변불리, 소복통,요통

족궐음간경 (Liver Meridian, LR)|LR10 족오리 (足五里)|넓적다리 안쪽면, 氣衝(ST30)에서 먼쪽으로 3寸, 넙다리동맥(femoral artery)이 뛰는 곳.
|없음
|- 直刺 0.5～1寸
- 斜刺 0.5～1.5寸
|복만, 방광염, 신장염, 낭습, 대퇴내측통, 유뇨

족궐음간경 (Liver Meridian, LR)|LR11 음렴 (陰廉)|넓적다리 안쪽면, 氣衝(ST30)에서 먼쪽으로 2寸.
|엉덩이를 약간 굽혀 외전하고, 무릎을 굽힌 상태에서 저항에 대항하여 넓적다리를 내전시키면, 긴모음근(adductor longus muscle)이 현저하게 드러난다. 긴모음근의 가쪽에서 취혈한다.
|- 直刺 0.3～0.7寸
- 斜刺 0.5～1寸
|월경불순, 고관절 하지 동통, 산통, 대하증

족궐음간경 (Liver Meridian, LR)|LR12 급맥 (急脈)|샅부위(groin region), 두덩결합(pubic symphysis) 위모서리와 같은 높이, 앞정중선(anterior median line)에서 가쪽으로 2.5寸.
|없음
|- 直刺 0.3～0.5寸
- 斜刺 0.5～1寸 (血管을 피하여 신중히 刺入)
|산통, 회음통, 자궁탈, 생식기통

족궐음간경 (Liver Meridian, LR)|LR13 장문 (章門)|옆배, 열한째 갈비뼈끝(free extremity of the 11th rib)의 아래쪽.
|옆으로 누워 팔을 머리 위쪽으로 올린 자세에서 취혈한다. 먼저 열째 갈비뼈 (the 10th rib)를 찾은 후, 갈비뼈활(costal arch) 아래모서리 바로 밑에서 열한째 갈비뼈끝을 찾아 취혈한다.
|- 直刺 0.5～0.8寸 (不宜深刺)
- 斜刺 0.8～1寸
|간비종대, 간염, 장염, 위장병, 장명, 사지원테, 구토, 소화불량,흉협통, 천식

족궐음간경 (Liver Meridian, LR)|LR14 기문 (期門)|앞가슴부위, 여섯째 갈비사이공간(the 6th intercostal space), 앞정중선(anterior median line)에서 가쪽으로 4寸.
|젖꼭지(nipple) 중심에서 아래쪽, 不容(ST19)에서 가쪽으로 2寸에서 취혈한다. 여성의 경우, 빗장중간선(midclavicular line)과 여섯째 갈비사이공간이 만나는 지점에서 취혈하기도 한다.
|- 直刺 0.2～0.3寸 (不宜深刺)
- 斜刺 0.5～0.8寸
- 주의 : 深刺하면 안 된다. 本穴의 右側은 肝臟, 左側은 脾下方에 있어, 모두 위쪽으로 深刺할 수 없다. 病人의 肌肉의 厚薄에 따라 손으로 완만히 눌러 刺入하고 “候氣爲先, 得氣爲度”에 도달하면 그친다.
|간염, 간암, 담낭염, 황달, 담석통, 천식, 늑막염, 늑간신경통, 심통, 월경불순, 자궁내막염, 구토, 위염

독맥 (Governor Vessel, GV)|GV1 장강 (長强)|회음부위(perineal region), 꼬리뼈(coccyx) 아래쪽, 꼬리뼈끝과 항문(anus)을 연결하는 선의 중점.
|무릎을 꿇고 엎드리거나 혹은 무릎을 가슴에 대고 취혈한다.
|- 直刺 0.3～0.5寸
- 斜刺 1～1.5寸 (上方으로 향하여 尾骨과 直腸사이를 平行으로 刺入)
|치질, 탈항, 정신분열증, 낭습, 설사, 만성임질, 장출혈, 유정, 미골통, 요통 ,요천부동통, 간질병

독맥 (Governor Vessel, GV)|GV2 요수 (腰兪)|엉치부위, 뒤정중선(posterior median line) 위, 엉치뼈틈새(sacral hiatus).
|엉치뼈틈새는 항문(anus) 바로 위쪽에서 작고 오목하게 촉지된다.
|- 直刺 0.3～0.5寸
- 斜刺 0.5～1寸 (위로 향해)
|치질, 유뇨, 좌골신경통, 요통, 하지냉, 월경불순, 산후요통, 방광염, 파킨슨병, 전간

독맥 (Governor Vessel, GV)|GV3 요양관 (腰陽關)|허리부위, 뒤정중선(posterior median line) 위, 넷째 허리뼈 가시돌기(spinous process of the 4th lumbar vertebra) 아래쪽 오목한 곳.
|먼저 양쪽 엉덩뼈능선(iliac crest)의 가장 높은 지점을 연결하는 선의 중점에서 넷째 허리뼈 가시돌기를 찾고, 그 아래쪽 오목한 곳에서 취혈한다.
|- 直刺 0.3～0.5寸
- 斜刺 0.5～1寸 (약간 上向)
|요천부동통, 하지마비, 월경불순, 유정, 좌골신경통, 구토, 반신불수, 추간판헤르니아, 슬관절굴신불리, 장산통, 유뇨증,빈뇨, 방광염, 전립선염, 임질, 대하, 음위, 허리 하복부냉증

독맥 (Governor Vessel, GV)|GV4 명문 (命門)|허리부위, 뒤정중선(posterior median line) 위, 둘째 허리뼈 가시돌기(spinous process of the 2nd lumbar vertebra) 아래쪽 오목한 곳.
|없음
|- 直刺 0.3～0.5寸
- 斜刺 1～1.5寸 (약간 上向으로 刺入)
|신허요통, 요부염좌, 유뇨, 유정, 음위, 야뇨증, 대하, 자궁내막염, 붕루, 탈항, 두통, 좌골신경통,척수염, 어린이구터, 자궁출혈, 장출혈, 치 출혈, 신장염, 이명, 비뇨생식기 질환

독맥 (Governor Vessel, GV)|GV5 현추 (懸樞)|허리부위, 뒤정중선(posterior median line) 위, 첫째 허리뼈 가시돌기(spinous process of the 1st lumbar vertebra) 아래쪽 오목한 곳.
|없음
|- 直刺 0.3～0.5寸
- 斜刺 0.5～1.5寸 (약간 上向)
|요배통, 소화불량, 하리, 복통, 탈항

독맥 (Governor Vessel, GV)|GV6 척중 (脊中)|위쪽 등부위, 뒤정중선(posterior median line) 위, 열한째 등뼈 가시돌기(spinous process of the 11th thoracic vertebra) 아래쪽 오목한 곳.
|없음|- 直刺 0.3～0.5寸
- 斜刺 0.5～1寸 (약간 上向)
|전간, 소아탈항, 치질, 만성장염, 황달, 적위, 하지마비, 파킨슨병

독맥 (Governor Vessel, GV)|GV7 중추 (中樞)|위쪽 등부위, 뒤정중선(posterior median line) 위, 열째 등뼈 가시돌기(spinous process of the 10th thoracic vertebra) 아래쪽 오목한 곳.
|없음|- 直刺 0.3～0.5寸
- 斜刺 0.5～1寸 (약간 上向)
|위경련, 담낭염, 시력감퇴, 요배통, 파킨슨병

독맥 (Governor Vessel, GV)|GV8 근축 (筋縮)|위쪽 등부위, 뒤정중선(posterior median line) 위, 아홉째 등뼈 가시돌기(spinous process of the 9th thoracic vertebra) 아래쪽 오목한 곳.
|없음
|- 直刺 0.3～0.5寸
- 斜刺 0.5～1寸 (약간 上向)
|간염, 담낭염, 전간, 히스테리, 척추강직, 불면증, 안면신경마비, 중풍, 소아마비, 늑간신경통

독맥 (Governor Vessel, GV)|GV9 지양 (至陽)|위쪽 등부위, 뒤정중선(posterior median line) 위, 일곱째 등뼈 가시돌기(spinous process of the 7th thoracic vertebra) 아래쪽 오목한 곳.
|양쪽 어깨뼈 아래각(inferior angle of the scapula) 아래모서리를 지나는 수평선과 뒤정중선(posterior median line)이 만나는 지점이 일곱째 등뼈(the 7th thoracic vertebra)가 된다. 그 가시돌기 아래쪽 오목한 곳에서 취혈한다.
|- 直刺 0.3～0.5寸
- 斜刺 0.7～1寸 (약간 上向)
|소화불량, 위산과다증, 황달, 담낭염, 늑간신경통, 요배통, 천식, 기관지염, 장염

독맥 (Governor Vessel, GV)|GV10 영대 (靈臺)|위쪽 등부위, 뒤정중선(posterior median line) 위, 여섯째 등뼈 가시돌기(spinous process of the 6th thoracic vertebra) 아래쪽 오목한 곳.
|없음|- 直刺 0.3～0.5寸
- 斜刺 0.5～1寸 (약간 上向)
|심장질환, 천식, 기관지염

독맥 (Governor Vessel, GV)|GV11 신도 (神道)|위쪽 등부위, 뒤정중선(posterior median line) 위, 다섯째 등뼈 가시돌기(spinous process of the 5th thoracic vertebra) 아래쪽 오목한 곳.
|- 直刺 0.3～0.5寸
- 斜刺 0.5～1寸 (鍼尖을 약간 上向하여 刺入)
|없음
|비열, 간열, 감기예방, 뇌신경쇠약, 히스테리, 늑간신경통, 뇌일혈

독맥 (Governor Vessel, GV)|GV12 신주 (身柱)|위쪽 등부위, 뒤정중선(posterior median line) 위, 셋째 등뼈 가시돌기(spinous process of the 3rd thoracic vertebra) 아래쪽 오목한 곳.
|없음|- 直刺 0.3～0.5寸
- 斜刺 0.5～1寸 (鍼尖을 약간 上向하여 刺入)
|호흡기 질환, 발열, 소아질환, 효천, 전간,신경성질환, 정신병, 피로회복, 중풍불어, 척추강통

독맥 (Governor Vessel, GV)|GV13 도도 (陶道)|위쪽 등부위, 뒤정중선(posterior median line) 위, 첫째 등뼈 가시돌기(spinous process of the 1st thoracic vertebra) 아래쪽 오목한 곳.
|없음
|- 直刺 0.3～0.5寸
- 斜刺 0.5～1寸 (약간 上向)
|발열, 두통, 두중, 전간, 정신질환, 호흡기질환, 현기증, 고혈합, 두정부의 근경련

독맥 (Governor Vessel, GV)|GV14 대추 (大椎)|목 뒤부위, 뒤정중선(posterior median line) 위, 일곱째 목뼈 가시돌기(spinous process of the 7th cervical vertebra) 아래쪽 오목한 곳.
|앉은 상태에서 목에 힘을 빼고 고개를 숙이면, 목 뒤쪽면에서 가장 높이 튀어 나온 곳이 일곱째 목뼈 가시돌기이다. 목을 약간 숙인 상태에서 머리를 좌우로 돌리면 등뼈는 움직이지 않고, 목뼈는 움직인다. 일곱째목뼈가시돌기 아래쪽 오목한 곳에서 취혈한다.
|- 直刺 0.3～0.5寸
- 斜刺 0.5～1寸 (약간 上向)
|뇌일혈, 발열, 기관지염, 효천, 정신분열증, 전간, 폐기종, 코피, 간염, 황달, 혈액질환, 경항강통, 인두통, 구토, 습진, 반신불수

독맥 (Governor Vessel, GV)|GV15 아문 (瘂門)|목 뒤부위, 뒤정중선(posterior median line), 둘째 목뼈 가시돌기(spinous process of the 2nd cervical vertebra)
위쪽 오목한 곳.
|風府(GV16)를 먼저 취혈하고, 風府(GV16) 아래쪽 0.5寸에서 취혈한다.
|- 直刺 0.3～0.5寸
- 斜刺 0.5～1寸 (口部와 耳垂의 水平位를 기준으로 刺入)
- 不宜深刺 (深部에 延髓가 있으므로 不可深刺)
|두통, 중풍, 언어장애, 뇌성마비, 코피, 척강, 동맥경화증, 두중, 고혈압, 수반증상

독맥 (Governor Vessel, GV)|GV16 풍부 (風府)|목 뒤부위, 바깥뒤통수뼈융기(external occipital protuberance)에서 수직으로 아래쪽, 양쪽 등세모근(trapezius muscle) 사이의 오목한 곳.
|앉은 상태에서 머리를 약간 뒤로 젖히고, 등세모근의 힘을 뺀 자세에서, 後髮際(posterior hairline)의 중점에서 뒤통수뼈(occipital bone)를 향해 손가락을 움직여 오목한 곳에서 취혈한다.
|- 直刺 0.3～0.5寸
- 斜刺 0.5～0.8寸
- 不宜深刺 (深部에 延髓가 있으므로 不可深刺)
|중풍, 반신불수, 중풍불어, 뇌출혈, 항강, 고혈압, 현기증, 사지마목, 오한 두통, 코피, 황달, 인후통, 정신질환

독맥 (Governor Vessel, GV)|GV17 뇌호 (腦戶)|머리, 뒤정중선(posterior median line) 위, 바깥뒤통수뼈융기(external occipital protuberance) 위쪽 오목한 곳.
|없음
|- 直刺 0.2～0.3寸
- 斜刺 0.5～0.8寸 (피부를 따라 刺入하며, 玉枕(BL9)으로 透刺하여도 좋다.)
|두통, 두중, 눈병, 안면신경마비, 전간, 황달, 뇌신경질환, 언어불능, 경항 강통

독맥 (Governor Vessel, GV)|GV18 강간 (强間)|머리, 뒤정중선(posterior median line) 위, 後髮際(posterior hairline)에서 위쪽으로 4寸.
|없음
|- 直刺 0.2～0.3寸
- 斜刺 0.5～1寸 (鍼尖을 沿皮하여 刺入, 絡却(BL8)으로 透刺하여도 좋다)
|두통, 불면, 전간, 정신병, 번심, 구토, 항강, 현기증, 고혈압의 제 증상

독맥 (Governor Vessel, GV)|GV19 후정 (後頂)|머리, 뒤정중선(posterior median line) 위, 後髮際(posterior hairline)에서 위쪽으로 5.5寸.
|없음
|- 直刺 0.2～0.3寸
- 斜刺 0.5～0.8寸 (鍼尖을 沿皮하여 刺入)
|편두통, 불면, 전간, 현기증, 항강 ,감기, 정신병, 시력감퇴,

독맥 (Governor Vessel, GV)|GV20 백회 (百會)|머리, 앞정중선(anterior median line) 위, 前髮際(anterior hairline)에서 위 쪽으로 5寸.
|없음
|- 橫刺 0.5～1.5寸 (前後 혹은 左右로 皮下를 沿해 橫刺入)
- 直刺 0.2～0.3寸
|두통,두정통, 중풍, 구금불개, 현기증, 반신불수, 고혈압, 정신병, 건망, 탈항, 치질, 자궁탈수, 비색, 이명, 난청, 면적종, 안면신경마비, 뇌신경쇠약, 소아간질, 전간

독맥 (Governor Vessel, GV)|GV21 전정 (前頂)|머리, 앞정중선(anterior median line) 위, 前髮際(anterior hairline)에서 위쪽으로 3.5寸.
|없음
|- 直刺 0.2～0.3寸
- 斜刺 0.5～0.8寸 (承光(BL6)이나 目窓(GB16)으로 皮下를 沿하여 橫透刺해도 좋다)
|두통, 현기증, 소아경풍, 고혈압, 콧물과다, 여드름, 얼굴부종

독맥 (Governor Vessel, GV)|GV22 신회 (顖會)|머리, 앞정중선(anterior median line) 위, 前髮際(anterior hairline)에서 위쪽으로 2寸.
|없음|- 刺 0.2～0.3寸
- 斜刺 0.5～0.8寸 (鍼尖을 沿皮하여 刺入)
- 顖門이 닫히지 않은 小兒는 禁鍼
|두통, 현기증, 비염, 비색, 코피, 여드름 과음, 자주막하, 출혈 구토, 수면장애

독맥 (Governor Vessel, GV)|GV23 상성 (上星)|머리, 앞정중선(anterior median line) 위, 前髮際(anterior hairline)에서 위쪽으로 1寸.
|없음|- 直刺 0.2～0.3寸
- 斜刺 0.5～0.8寸 (鍼尖을 沿皮하여 刺入)
- 三稜鍼으로 點刺出血
|두통,현기증, 비염, 축농증, 코피, 각막염, 근시, 현기증

독맥 (Governor Vessel, GV)|GV24 신정 (神庭)|머리, 앞정중선(anterior median line) 위, 前髮際(anterior hairline)에서 위쪽으로 0.5寸.
|前髮際가 뚜렷하지 않을 때에는 양쪽 눈썹 안쪽끝(medial ends of the eyebrows) 사이의 중점에서 위쪽으로 3.5寸이 되는 지점에서 취혈한다.
|- 直刺 0.2～0.3寸
- 斜刺 0.5～0.8寸 (鍼尖을 沿皮하여 刺入)
|두통, 현기증, 비염, 전간, 정신질환, 눈물과다, 콧물과다, 인사불성, 실면, 경계

독맥 (Governor Vessel, GV)|GV25 소료 (素髎)|얼굴, 코끝
|없음
|- 直刺 0.1～0.2寸
- 斜刺 0.2～0.3寸 (鼻尖端에서 斜上方으로 刺入)
- 三稜鍼으로 點刺出血
|쇼크, 저혈압, 주사비, 소아경품, 심박동서완

독맥 (Governor Vessel, GV)|GV26 수구 (水溝)|얼굴, 인중 정중선(philtrum midline) 의 중점.
※참고 : 水溝(GV26)의 부위가 인중 정중선에서 위쪽으로부터 1/3과 아래쪽으로부터 2/3가 되는 지점이라는 의견도 있다.
|없음
|- 直刺 0.2～0.3寸
- 斜刺 0.3～0.5寸 (鍼尖을 약간 下에서 上方을 향해 刺入)
- 三稜鍼으로 流涎症 치료시는 鼻中隔을 향해 刺入했다가 皮下까지 退鍼하여 다시 左右의 鼻翼을 향해 刺入
|인사불성, 중풍, 중풍구금, 당뇨병,뇌출혈, 구안괘사, 수정, 전간, 정신질환, 실소무시, 황달, 경풍, 히스테리, 심교통, 급성 요통

독맥 (Governor Vessel, GV)|GV27 태단 (兌端)|얼굴, 윗입술결절(tubercle of the upper lip)의 중점.
|인중 고랑 아랫부분과 붉은 입술이 이루는 경계선의 중점에서 취혈한다.
|- 直刺 0.1～0.3寸
- 斜刺 0.2～0.3寸
|자궁후굴, 자궁탈수, 구토, 설건, 비색, 잇몸병, 황달, 당뇨병, 구내염, 코피

독맥 (Governor Vessel, GV)|GV28 은교 (齦交)|얼굴, 위입술주름띠(frenulum of the upper lip)와 위잇몸(upper gum)이 만나는 지점.
|앉은 자세에서 머리를 젖히고 위입술을 들어올려, 위입술주름띠와 위잇몸이 만나는 지점에서 취혈한다.
|- 直刺 0.1～0.2寸
- 斜刺 0.1～0.3寸 (鍼尖을 上向하여 刺入)
- 三稜鍼으로 點刺出血
|급성요부염좌, 면적심번, 치통출혈, 정신질환, 급성결막염, 비용, 비색, 눈물과다, 시력감퇴

임맥 (Conception Vessel, CV)|CV1 회음 (會陰)|회음부위(perineal region), 남성은 항문(anus)과 음낭 뒤모서리(posterior border of the scrotum)를 연결하는 선의 중점, 여성은 항문(anus)과 뒤 대음순연결(posterior commissure of labium majoris)을 연결하는 선의 중점.
|옆으로 눕거나, 무릎을 굽혀서 가슴에 댄 자세에서, 항문과 생식기 사이의 중점에서 취혈한다.
|- 直刺 0.3～1寸 (鍼灸甲乙經 : 2寸)
- 禁鍼 (鍼灸大成)
|익사자, 치질, 황문주위염, 요도, 방광염, 유정, 전립선염, 월결불순, 외생식기종통, 자궁하수, 정력증강

임맥 (Conception Vessel, CV)|CV2 곡골 (曲骨)|아랫배, 앞정중선(anterior median line)위, 두덩결합(pubic symphysis) 위모서리.
|없음
|없음|요폐, 방광염,요도염, 전립선염, 자궁탈수, 야뇨증, 적백대하, 유정, 성병, 양기부족

임맥 (Conception Vessel, CV)|CV3 중극 (中極)|아랫배, 앞정중선(anterior median line) 위, 배꼽(umbilicus) 중심에서 아래쪽으로 4寸.
|없음|- 直刺 0.5～1寸
|소변불리, 유뇨, 자궁내막염, 자궁근종, 월경불순, 유정, 신장염, 방광염, 빈뇨, 음위, 남녀 불임증, 양기부족, 생리통, 전립선염, 좌골신경통, 복수

임맥 (Conception Vessel, CV)|CV4 관원 (關元)|아랫배, 앞정중선(anterior median line) 위, 배꼽(umbilicus) 중심에서 아래쪽으로 3寸.
|없음
|- 直刺 0.5～1寸
- 斜刺 0.8～1.2寸
- 孕婦禁鍼
|하복통, 설사, 방광염, 요도염, 신염, 자궁내막염, 고환염, 월경불순, 생리통, 대하, 자궁출혈, 자궁탈수, 유정, 정력감퇴, 고혈압, 불임증, 중풍탈증, 전신쇠약, 불면증, 냉증, 여드름, 습진, 빈뇨

임맥 (Conception Vessel, CV)|CV5 석문 (石門)|아랫배, 앞정중선(anterior median line) 위, 배꼽(umbilicus) 중심에서 아래쪽으로 2寸.
|없음
|- 直刺 0.5～1寸
- 斜刺 0.8～1.2寸
- 婦人禁鍼禁灸
|붕루, 설사, 식체, 수종, 비뇨, 생식기질환, 소복교통, 산후오로, 구토, 변비, 분돈기

임맥 (Conception Vessel, CV)|CV6 기해 (氣海)|아랫배, 앞정중선(anterior median line) 위, 배꼽(umbilicus) 중심에서 아래쪽으로 1.5寸.
|없음
|- 直刺 0.5～1寸
- 斜刺 0.8～1.2寸 (向下)
|신경쇠약, 월경불순, 붕루, 적백대하, 생리통, 불임, 자궁근종, 유정, 음위, 장질환, 하초냉, 원기부족, 유뇨, 빈뇨, 야뇨증, 신장염, 맹장염, 신경과민, 조병, 울병, 히스테리

임맥 (Conception Vessel, CV)|CV7 음교 (陰交)|아랫배, 앞정중선(anterior median line) 위, 배꼽(umbilicus) 중심에서 아래쪽으로 1寸.
|없음
|- 直刺 0.5～1寸
- 斜刺 0.8～1.2寸
|월경불순, 자궁냉, 자궁내막염, 붕루, 산호오로, 불임증, 대하, 신장염, 복막염, 장산통, 만성하리, 좌골신경통, 낭습

임맥 (Conception Vessel, CV)|CV8 신궐 (神闕)|윗배, 배꼽(umbilicus)의 중심.
|없음
|- 禁鍼穴
|급만성장염, 만성설자, 장유착, 장명복통, 냉증, 수종, 탈항,중풍탈증, 토사곽란

임맥 (Conception Vessel, CV)|CV9 수분 (水分)|윗배, 앞정중선(anterior median line) 위, 배꼽(umbilicus) 중심에서 위쪽으로 1寸.
|없음
|- 直刺 0.5～1寸
- 斜刺 0.8～1.2寸
- 水病者 禁鍼, 宜灸
|복수, 위내정수, 신장염, 위하수, 수사성하리, 구토, 소변불리

임맥 (Conception Vessel, CV)|CV10 하완 (下脘)|윗배, 앞정중선(anterior median line) 위, 배꼽(umbilicus) 중심에서 위쪽으로 2寸.
|없음
|- 直刺 0.5～1寸
- 斜刺 0.8～1.2寸
|소화불량, 위통, 위하수, 설사, 요통, 신장병, 장질환, 남녀생식시질환, 하지의병

임맥 (Conception Vessel, CV)|CV11 건리 (建里)|윗배, 앞정중선(anterior median line) 위, 배꼽(umbilicus) 중심에서 위쪽으로 3寸.
|없음
|- 直刺 0.5～1寸
- 斜刺 0.8～1.2寸
|위궤양, 위하수, 신경성위염, 심교통, 구역, 식욕부진, 복수, 복명, 복통

임맥 (Conception Vessel, CV)|CV12 중완 (中脘)|윗배, 앞정중선(anterior median line) 위, 배꼽(umbilicus) 중심에서 위쪽으로 4寸.
|배꼽과 칼몸통결합(xiphisternal junction)을 연결하는 선의 중점에서 취혈한다.
|없음|위의 제질환, 급성장협착,장폐색,당뇨병, 구토, 복창, 설사, 변비, 고혈압, 신경쇠약, 황달, 정신질환, 습진, 현기증, 이명, 여드름, 정력감퇴

임맥 (Conception Vessel, CV)|CV13 상완 (上脘)|윗배, 앞정중선(anterior median line) 위, 배꼽(umbilicus) 중심에서 위쪽으로 5寸.
|없음
|- 直刺 0.5～1寸
- 斜刺 0.8～1.2寸
|급만성위염, 위하수, 위경련, 본문경련, 식불화, 복명, 위무력, 천식, 심계항진,현기증, 황달, 적취

임맥 (Conception Vessel, CV)|CV14 거궐 (巨闕)|윗배, 앞정중선(anterior median line) 위, 배꼽(umbilicus) 중심에서 위쪽으로 6寸.
|없음
|- 直刺 4～8分 (不宜深刺)
- 斜刺 0.5～1寸
|횡경막경련, 위경련, 위산과다증, 식도협착, 토사 등 위질환 일체, 정신병, 협심증, 심계항진, 전간, 심장판막증, 심하비경, 만성간염, 황달, 신경통, 수족경련

임맥 (Conception Vessel, CV)|CV15 구미 (鳩尾)|윗배, 앞정중선(anterior median line) 위, 칼몸통결합(xiphisternal junction)에서 아래쪽으로 1寸.
|없음
|- 直刺 0.3～0.5寸
- 斜刺 0.5～1寸 (약간 向下)
- 禁鍼 (鍼灸甲乙經)
- 不宜深刺 (深刺하여 腹腔이나 胸腔까지 刺入해서는 안 된다.)
|심장병, 기관지염, 식도염, 식도암, 두통, 신경쇠약

임맥 (Conception Vessel, CV)|CV16 중정 (中庭)|앞가슴부위, 앞정중선(anterior median line) 위, 칼몸통결합(xiphisternal junction)의 중점.
|없음
|- 直刺 0.2～0.3寸
- 斜刺 0.3～0.5寸 (下方으로 향해 皮下를 沿해 刺入)
|천식, 연하곤란, 구토, 식도염, 식도협착, 위산과다증, 심장병, 흉협창만

임맥 (Conception Vessel, CV)|CV17 단중 (膻中)|앞가슴부위, 앞정중선(anterior median line) 위, 넷째 갈비사이공간(the 4th intercostal space)과 같은 높이
|남성은 양쪽 젖꼭지를 연결하는 선의 중점에서 취혈하기도 한다.
|- 直刺 0.3～0.5寸
- 斜刺 0.5～1寸 (向下 혹은 兩乳房을 향해 皮下를 沿해 刺入)
- 禁鍼 (明堂)
|갑상선 질환, 기관지염, 기관지 천식, 흉통, 유선염, 협심증,늑간 신경통, 해수

임맥 (Conception Vessel, CV)|CV18 옥당 (玉堂)|앞가슴부위, 앞정중선(anterior median line) 위, 셋째 갈비사이공간(the 3rd intercostal space)과 같은 높이.
|없음
|- 直刺 0.2～0.3寸
- 斜刺 0.3～0.5寸 (下方으로 향해 皮下를 沿해 刺入)
|기관지염, 천식, 폐열, 흉통, 구토, 식도염

임맥 (Conception Vessel, CV)|CV19 자궁 (紫宮)|앞가슴부위, 앞정중선(anterior median line) 위, 둘째 갈비사이공간(the 2nd intercostal space)과 같은 높이.
|없음
|- 直刺 0.2～0.3寸
- 斜刺 0.3～0.5寸 (下方으로 향해 皮下를 沿해 刺入)
|기관지확장층, 구역, 식도협착, 폐염, 기관지천식, 폐결핵, 해역, 토열, 음식불하, 흉통

임맥 (Conception Vessel, CV)|CV20 화개 (華蓋)|앞가슴부위, 앞정중선(anterior median line) 위, 첫째 갈비사이공간(the 1st intercostal space)과 같은 높이.
|없음
|- 直刺 0.2～0.3寸
- 斜刺 0.3～0.5寸 (下方으로 향해 皮下를 沿해 刺入)
|기관지염, 천식, 인후염, 편도선염, 흉통, 호흡기, 순환기질환

임맥 (Conception Vessel, CV)|CV21 선기 (璇璣)|앞가슴부위, 앞정중선(anterior median line) 위, 목아래패임(suprasternal fossa)에서 아래쪽으로 1寸.
|없음
|- 直刺 0.2～0.3寸
- 斜刺 0.3～0.5寸 (下方으로 향해 皮下를 沿해 刺入)
|기관지명, 분문경련, 식도경련, 인후염, 흉협통, 해수, 천식, 음식불하

임맥 (Conception Vessel, CV)|CV22 천돌 (天突)|목앞부위, 앞정중선(anterior median line) 위, 목아래패임(suprasternal fossa)의 중심.
|양쪽 빗장뼈(clavicle)의 안쪽끝 사이의 중점 오목한 곳에서 취혈한다.
|- 橫刺 : 먼저 直刺로 0.2～0.3寸 刺入한 후 다시 아래로 향해 橫刺로 바꾸어 胸骨柄 後 氣管 前緣을 沿해서 0.7～1寸 刺入
- 直刺 0.3～0.5寸 (深刺하여 氣管을 刺傷하지 말아야 한다)
|기관지명, 해수, 천식, 인후염, 식도경련, 식도염, 갑상선질환, 후내수계정, 후두결핵,신경구토, 폭음

임맥 (Conception Vessel, CV)|CV23 염천 (廉泉)|목 앞부위, 앞정중선(anterior median line) 위, 방패연골(thyroid cartilage) 위모서리 위쪽, 목뿔뼈(hyoid bone) 위쪽의 오목한 곳.
|머리를 약간 뒤로 젖히면, 방패연골(thyroid cartilage)과 아래턱뼈(mandible) 사이에서 목뿔뼈결절(hyoid tubercle)이 촉지되는데, 목뿔뼈 위쪽의 오목한 곳에서 취혈한다.
|- 直刺 0.2～0.3寸
- 斜刺 0.5～1寸 (약간 上方으로 舌根部를 향해 刺入)
|기관지염, 인후염, 편도선염, 설골마비, 히스테리성실어증

임맥 (Conception Vessel, CV)|CV24 승장 (承漿)|얼굴, 턱끝입술고랑(mentolabial sulcus) 가운데의 오목한 곳.
|없음
|- 直刺 0.2～0.3寸
- 斜刺 0.3～0.5寸 (前下方에서 後上方을 향해 刺入)
|없음
